ISO-10303-21;
HEADER;
/* Generated by software containing ST-Developer
 * from STEP Tools, Inc. (www.steptools.com) 
 */

FILE_DESCRIPTION(
/* description */ (''),
/* implementation_level */ '2;1');

FILE_NAME(
/* name */ 'Beitan BT-104L5 v2.step',
/* time_stamp */ '2024-05-22T18:29:28+02:00',
/* author */ (''),
/* organization */ (''),
/* preprocessor_version */ 'ST-DEVELOPER v20',
/* originating_system */ 'Autodesk Translation Framework v13.14.0.145',

/* authorisation */ '');

FILE_SCHEMA (('AUTOMOTIVE_DESIGN { 1 0 10303 214 3 1 1 }'));
ENDSEC;

DATA;
#10=MECHANICAL_DESIGN_GEOMETRIC_PRESENTATION_REPRESENTATION('',(#15,#16,
#17,#18,#19,#20,#21,#22,#23,#24),#1447);
#11=SHAPE_REPRESENTATION_RELATIONSHIP('SRR','None',#1454,#12);
#12=ADVANCED_BREP_SHAPE_REPRESENTATION('',(#13),#1446);
#13=MANIFOLD_SOLID_BREP('Body1',#463);
#14=CONICAL_SURFACE('',#517,0.3302,0.632748835002183);
#15=STYLED_ITEM('',(#1465),#448);
#16=STYLED_ITEM('',(#1465),#449);
#17=STYLED_ITEM('',(#1465),#450);
#18=STYLED_ITEM('',(#1465),#451);
#19=STYLED_ITEM('',(#1465),#452);
#20=STYLED_ITEM('',(#1466),#456);
#21=STYLED_ITEM('',(#1466),#457);
#22=STYLED_ITEM('',(#1466),#458);
#23=STYLED_ITEM('',(#1467),#462);
#24=STYLED_ITEM('',(#1464),#13);
#25=B_SPLINE_SURFACE_WITH_KNOTS('',3,3,((#1027,#1028,#1029,#1030,#1031,
#1032,#1033,#1034,#1035,#1036,#1037,#1038,#1039,#1040,#1041,#1042,#1043,
#1044,#1045,#1046,#1047),(#1048,#1049,#1050,#1051,#1052,#1053,#1054,#1055,
#1056,#1057,#1058,#1059,#1060,#1061,#1062,#1063,#1064,#1065,#1066,#1067,
#1068),(#1069,#1070,#1071,#1072,#1073,#1074,#1075,#1076,#1077,#1078,#1079,
#1080,#1081,#1082,#1083,#1084,#1085,#1086,#1087,#1088,#1089),(#1090,#1091,
#1092,#1093,#1094,#1095,#1096,#1097,#1098,#1099,#1100,#1101,#1102,#1103,
#1104,#1105,#1106,#1107,#1108,#1109,#1110)),.UNSPECIFIED.,.F.,.F.,.F.,(4,
4),(4,1,1,1,1,1,1,1,1,1,1,1,1,1,1,1,1,1,4),(0.,0.0395946814610245),(15.1658696587244,
16.1434607673982,17.121051876072,18.0986429847458,19.0762340934196,20.0538252020934,
21.0314163107672,22.009007419441,22.9865985281147,23.9641896367885,24.9417807454623,
25.9193718541361,26.8969629628099,27.8745540714837,28.8521451801575,29.8297362888313,
30.8073273975051,31.7849185061789,32.7625096148526),.UNSPECIFIED.);
#26=B_SPLINE_SURFACE_WITH_KNOTS('',3,3,((#1309,#1310,#1311,#1312,#1313,
#1314,#1315,#1316,#1317,#1318,#1319,#1320,#1321,#1322,#1323,#1324,#1325,
#1326,#1327,#1328,#1329),(#1330,#1331,#1332,#1333,#1334,#1335,#1336,#1337,
#1338,#1339,#1340,#1341,#1342,#1343,#1344,#1345,#1346,#1347,#1348,#1349,
#1350),(#1351,#1352,#1353,#1354,#1355,#1356,#1357,#1358,#1359,#1360,#1361,
#1362,#1363,#1364,#1365,#1366,#1367,#1368,#1369,#1370,#1371),(#1372,#1373,
#1374,#1375,#1376,#1377,#1378,#1379,#1380,#1381,#1382,#1383,#1384,#1385,
#1386,#1387,#1388,#1389,#1390,#1391,#1392)),.UNSPECIFIED.,.F.,.F.,.F.,(4,
4),(4,1,1,1,1,1,1,1,1,1,1,1,1,1,1,1,1,1,4),(0.,0.0395946814610245),(12.3507608906968,
13.3283519993706,14.3059431080444,15.2835342167182,16.261125325392,17.2387164340657,
18.2163075427395,19.1938986514133,20.1714897600871,21.1490808687609,22.1266719774347,
23.1042630861085,24.0818541947823,25.0594453034561,26.0370364121299,27.0146275208036,
27.9922186294774,28.9698097381512,29.947400846825),.UNSPECIFIED.);
#27=FACE_BOUND('',#84,.T.);
#28=FACE_BOUND('',#98,.T.);
#29=FACE_BOUND('',#105,.T.);
#30=FACE_BOUND('',#107,.T.);
#31=FACE_BOUND('',#110,.T.);
#32=FACE_BOUND('',#112,.T.);
#33=PLANE('',#495);
#34=PLANE('',#502);
#35=PLANE('',#503);
#36=PLANE('',#512);
#37=PLANE('',#516);
#38=PLANE('',#522);
#39=PLANE('',#529);
#40=PLANE('',#530);
#41=PLANE('',#534);
#42=PLANE('',#535);
#43=TOROIDAL_SURFACE('',#491,3.8505,0.15);
#44=TOROIDAL_SURFACE('',#499,3.325,0.15);
#45=TOROIDAL_SURFACE('',#505,8.25,1.);
#46=TOROIDAL_SURFACE('',#513,8.25,1.);
#47=FACE_OUTER_BOUND('',#77,.T.);
#48=FACE_OUTER_BOUND('',#78,.T.);
#49=FACE_OUTER_BOUND('',#79,.T.);
#50=FACE_OUTER_BOUND('',#80,.T.);
#51=FACE_OUTER_BOUND('',#81,.T.);
#52=FACE_OUTER_BOUND('',#82,.T.);
#53=FACE_OUTER_BOUND('',#83,.T.);
#54=FACE_OUTER_BOUND('',#85,.T.);
#55=FACE_OUTER_BOUND('',#86,.T.);
#56=FACE_OUTER_BOUND('',#87,.T.);
#57=FACE_OUTER_BOUND('',#88,.T.);
#58=FACE_OUTER_BOUND('',#89,.T.);
#59=FACE_OUTER_BOUND('',#90,.T.);
#60=FACE_OUTER_BOUND('',#91,.T.);
#61=FACE_OUTER_BOUND('',#92,.T.);
#62=FACE_OUTER_BOUND('',#93,.T.);
#63=FACE_OUTER_BOUND('',#94,.T.);
#64=FACE_OUTER_BOUND('',#95,.T.);
#65=FACE_OUTER_BOUND('',#96,.T.);
#66=FACE_OUTER_BOUND('',#97,.T.);
#67=FACE_OUTER_BOUND('',#99,.T.);
#68=FACE_OUTER_BOUND('',#100,.T.);
#69=FACE_OUTER_BOUND('',#101,.T.);
#70=FACE_OUTER_BOUND('',#102,.T.);
#71=FACE_OUTER_BOUND('',#103,.T.);
#72=FACE_OUTER_BOUND('',#104,.T.);
#73=FACE_OUTER_BOUND('',#106,.T.);
#74=FACE_OUTER_BOUND('',#108,.T.);
#75=FACE_OUTER_BOUND('',#109,.T.);
#76=FACE_OUTER_BOUND('',#111,.T.);
#77=EDGE_LOOP('',(#294,#295,#296,#297));
#78=EDGE_LOOP('',(#298,#299,#300,#301));
#79=EDGE_LOOP('',(#302,#303,#304,#305,#306,#307,#308,#309));
#80=EDGE_LOOP('',(#310,#311,#312,#313));
#81=EDGE_LOOP('',(#314,#315,#316,#317,#318,#319,#320,#321,#322));
#82=EDGE_LOOP('',(#323,#324,#325,#326));
#83=EDGE_LOOP('',(#327));
#84=EDGE_LOOP('',(#328));
#85=EDGE_LOOP('',(#329,#330,#331,#332));
#86=EDGE_LOOP('',(#333,#334,#335,#336,#337));
#87=EDGE_LOOP('',(#338,#339,#340,#341));
#88=EDGE_LOOP('',(#342,#343,#344,#345,#346));
#89=EDGE_LOOP('',(#347,#348,#349,#350,#351,#352,#353,#354,#355));
#90=EDGE_LOOP('',(#356,#357,#358,#359,#360));
#91=EDGE_LOOP('',(#361,#362,#363,#364));
#92=EDGE_LOOP('',(#365,#366,#367,#368,#369,#370,#371,#372,#373));
#93=EDGE_LOOP('',(#374,#375,#376,#377,#378));
#94=EDGE_LOOP('',(#379,#380,#381,#382,#383));
#95=EDGE_LOOP('',(#384));
#96=EDGE_LOOP('',(#385,#386,#387,#388));
#97=EDGE_LOOP('',(#389));
#98=EDGE_LOOP('',(#390));
#99=EDGE_LOOP('',(#391,#392,#393,#394));
#100=EDGE_LOOP('',(#395,#396,#397,#398));
#101=EDGE_LOOP('',(#399));
#102=EDGE_LOOP('',(#400,#401,#402,#403));
#103=EDGE_LOOP('',(#404,#405,#406,#407));
#104=EDGE_LOOP('',(#408));
#105=EDGE_LOOP('',(#409));
#106=EDGE_LOOP('',(#410));
#107=EDGE_LOOP('',(#411));
#108=EDGE_LOOP('',(#412,#413,#414,#415));
#109=EDGE_LOOP('',(#416));
#110=EDGE_LOOP('',(#417));
#111=EDGE_LOOP('',(#418));
#112=EDGE_LOOP('',(#419));
#113=CIRCLE('',#478,2.8321);
#114=CIRCLE('',#480,2.8321);
#115=CIRCLE('',#482,3.175);
#116=CIRCLE('',#483,3.175);
#117=CIRCLE('',#484,3.175);
#118=CIRCLE('',#487,3.175);
#119=CIRCLE('',#488,3.175);
#120=CIRCLE('',#489,3.175);
#121=CIRCLE('',#490,3.175);
#122=CIRCLE('',#492,3.8505);
#123=CIRCLE('',#493,0.15);
#124=CIRCLE('',#494,4.0005);
#125=CIRCLE('',#496,3.325);
#126=CIRCLE('',#498,4.0005);
#127=CIRCLE('',#500,0.15);
#128=CIRCLE('',#506,8.25);
#129=CIRCLE('',#507,1.);
#130=CIRCLE('',#508,9.25);
#131=CIRCLE('',#509,9.25);
#132=CIRCLE('',#511,9.25);
#133=CIRCLE('',#514,8.25);
#134=CIRCLE('',#515,1.);
#135=CIRCLE('',#518,0.4699);
#136=CIRCLE('',#519,0.1905);
#137=CIRCLE('',#521,0.4699);
#138=CIRCLE('',#524,0.5969);
#139=CIRCLE('',#525,0.5969);
#140=CIRCLE('',#527,2.14376);
#141=CIRCLE('',#528,2.14376);
#142=CIRCLE('',#532,2.29616);
#143=CIRCLE('',#533,2.29616);
#144=B_SPLINE_CURVE_WITH_KNOTS('',3,(#676,#677,#678,#679,#680,#681,#682,
#683,#684,#685,#686,#687,#688),.UNSPECIFIED.,.F.,.F.,(4,3,3,3,4),(-3.35720237725217,
-2.93277332602137,-1.95518221734758,-0.977591108673789,0.),
 .UNSPECIFIED.);
#145=B_SPLINE_CURVE_WITH_KNOTS('',3,(#691,#692,#693,#694,#695,#696,#697,
#698,#699,#700,#701,#702,#703,#704,#705,#706,#707,#708,#709),
 .UNSPECIFIED.,.F.,.F.,(4,3,3,3,3,3,4),(1.76301298203566,1.95518221734758,
2.93277332602137,3.91036443469516,4.88795554336895,5.86554665204274,6.82527891640412),
 .UNSPECIFIED.);
#146=B_SPLINE_CURVE_WITH_KNOTS('',3,(#715,#716,#717,#718,#719,#720,#721,
#722,#723,#724,#725,#726,#727,#728,#729,#730),.UNSPECIFIED.,.F.,.F.,(4,
3,3,3,3,4),(13.1084642235837,13.6862755214331,14.6638666301069,15.6414577387806,
16.6190488474544,17.5966399561282),.UNSPECIFIED.);
#147=B_SPLINE_CURVE_WITH_KNOTS('',3,(#733,#734,#735,#736,#737,#738,#739,
#740,#741,#742,#743,#744,#745,#746,#747,#748,#749,#750,#751,#752,#753,#754,
#755,#756,#757),.UNSPECIFIED.,.F.,.F.,(4,3,3,3,3,3,3,3,4),(-15.8336269740926,
-15.6414577387806,-14.6638666301069,-13.6862755214331,-12.7086844127593,
-11.7310933040855,-10.7535021954117,-9.7759110867379,-9.64038768443176),
 .UNSPECIFIED.);
#148=B_SPLINE_CURVE_WITH_KNOTS('',3,(#763,#764,#765,#766,#767),
 .UNSPECIFIED.,.F.,.F.,(4,1,4),(28.2743338823081,28.9698097381512,29.947400846825),
 .UNSPECIFIED.);
#149=B_SPLINE_CURVE_WITH_KNOTS('',3,(#775,#776,#777,#778,#779,#780,#781),
 .UNSPECIFIED.,.F.,.F.,(4,1,1,1,4),(28.2743338823081,28.8521451801575,29.8297362888313,
30.8073273975051,30.999496632817),.UNSPECIFIED.);
#150=B_SPLINE_CURVE_WITH_KNOTS('',3,(#786,#787,#788,#789,#790,#791,#792,
#793,#794,#795,#796),.UNSPECIFIED.,.F.,.F.,(4,1,1,1,1,1,1,1,4),(21.9911485751286,
22.1266719774347,23.1042630861085,24.0818541947823,25.0594453034561,26.0370364121299,
27.0146275208036,27.9922186294774,28.2743338823081),.UNSPECIFIED.);
#151=B_SPLINE_CURVE_WITH_KNOTS('',3,(#797,#798,#799,#800,#801,#802,#803,
#804,#805,#806,#807),.UNSPECIFIED.,.F.,.F.,(4,1,1,1,1,1,1,1,4),(21.9911485751286,
22.009007419441,22.9865985281147,23.9641896367885,24.9417807454623,25.9193718541361,
26.8969629628099,27.8745540714837,28.2743338823081),.UNSPECIFIED.);
#152=B_SPLINE_CURVE_WITH_KNOTS('',3,(#817,#818,#819,#820,#821,#822),
 .UNSPECIFIED.,.F.,.F.,(4,1,1,4),(14.1137738727324,14.3059431080444,15.2835342167182,
15.707963267949),.UNSPECIFIED.);
#153=B_SPLINE_CURVE_WITH_KNOTS('',3,(#826,#827,#828,#829),.UNSPECIFIED.,
 .F.,.F.,(4,4),(15.1658696587244,15.707963267949),.UNSPECIFIED.);
#154=B_SPLINE_CURVE_WITH_KNOTS('',3,(#848,#849,#850,#851,#852,#853,#854,
#855,#856,#857),.UNSPECIFIED.,.F.,.F.,(4,1,1,1,1,1,1,4),(15.707963267949,
16.261125325392,17.2387164340657,18.2163075427395,19.1938986514133,20.1714897600871,
21.1490808687609,21.9911485751286),.UNSPECIFIED.);
#155=B_SPLINE_CURVE_WITH_KNOTS('',3,(#858,#859,#860,#861,#862,#863,#864,
#865,#866,#867),.UNSPECIFIED.,.F.,.F.,(4,1,1,1,1,1,1,4),(15.707963267949,
16.1434607673982,17.121051876072,18.0986429847458,19.0762340934196,20.0538252020934,
21.0314163107672,21.9911485751286),.UNSPECIFIED.);
#156=B_SPLINE_CURVE_WITH_KNOTS('',3,(#869,#870,#871,#872,#873,#874,#875,
#876,#877,#878,#879,#880,#881,#882,#883,#884,#885,#886,#887,#888,#889,#890,
#891,#892,#893,#894,#895,#896,#897,#898,#899,#900,#901,#902,#903,#904,#905,
#906,#907,#908,#909,#910,#911,#912,#913,#914,#915,#916,#917,#918,#919,#920,
#921,#922,#923,#924,#925,#926,#927,#928,#929,#930,#931,#932,#933,#934,#935,
#936,#937,#938,#939,#940,#941,#942,#943,#944,#945,#946,#947),
 .UNSPECIFIED.,.F.,.F.,(4,3,3,3,3,3,3,3,3,3,3,3,3,3,3,3,3,3,3,3,3,3,3,3,
3,3,4),(-0.532710415481816,-0.503850262263255,-0.47448037403783,-0.453027656812558,
-0.447140027371251,-0.44227291758359,-0.412455174210195,-0.38505603971656,
-0.364506688846334,-0.358907533407738,-0.353955083296022,-0.323533750354474,
-0.302858636235655,-0.273199739686118,-0.256124755955736,-0.245509899674488,
-0.241122401596682,-0.210892158370748,-0.180099750965506,-0.149079075154018,
-0.130444190759765,-0.122999505570427,-0.118576541772186,-0.0870145815077948,
-0.0554865940683165,-0.0246760625791327,0.),.UNSPECIFIED.);
#157=B_SPLINE_CURVE_WITH_KNOTS('',3,(#948,#949,#950,#951,#952,#953,#954,
#955,#956,#957,#958,#959,#960,#961,#962,#963,#964,#965,#966,#967,#968,#969,
#970,#971,#972,#973,#974,#975,#976,#977,#978,#979,#980,#981,#982,#983,#984,
#985,#986,#987,#988,#989,#990,#991,#992,#993,#994,#995,#996,#997,#998,#999,
#1000,#1001,#1002,#1003,#1004,#1005,#1006,#1007,#1008,#1009,#1010,#1011,
#1012,#1013,#1014,#1015,#1016,#1017,#1018,#1019,#1020,#1021,#1022,#1023,
#1024,#1025,#1026),.UNSPECIFIED.,.F.,.F.,(4,3,3,3,3,3,3,3,3,3,3,3,3,3,3,
3,3,3,3,3,3,3,3,3,3,3,4),(-0.53145103208602,-0.499960447061862,-0.468376528701712,
-0.445767540330723,-0.437001963597751,-0.431901297482236,-0.400780585790187,
-0.370092403097558,-0.349445457756619,-0.344238683330445,-0.339550070035462,
-0.309495893149979,-0.287504621733799,-0.257053513515697,-0.240987668920966,
-0.229341578036134,-0.22345970773801,-0.193530360993717,-0.163431898794716,
-0.133612608295085,-0.116911032258199,-0.11224877546931,-0.107650680562796,
-0.0783015264682368,-0.0493327236153427,-0.0212720254584237,0.),
 .UNSPECIFIED.);
#158=B_SPLINE_CURVE_WITH_KNOTS('',3,(#1111,#1112,#1113,#1114,#1115,#1116,
#1117,#1118,#1119,#1120,#1121,#1122,#1123,#1124,#1125,#1126,#1127,#1128,
#1129,#1130,#1131,#1132,#1133,#1134,#1135),.UNSPECIFIED.,.F.,.F.,(4,3,3,
3,3,3,3,3,4),(6.82527891640412,6.84313776071653,7.82072886939032,8.79831997806411,
9.7759110867379,10.7535021954117,11.7310933040855,12.7086844127593,13.1084642235837),
 .UNSPECIFIED.);
#159=B_SPLINE_CURVE_WITH_KNOTS('',3,(#1136,#1137,#1138,#1139,#1140,#1141,
#1142,#1143,#1144,#1145,#1146,#1147,#1148,#1149,#1150,#1151,#1152,#1153,
#1154,#1155,#1156,#1157,#1158,#1159,#1160,#1161,#1162,#1163,#1164,#1165,
#1166,#1167,#1168,#1169,#1170,#1171,#1172,#1173,#1174,#1175,#1176,#1177,
#1178,#1179,#1180,#1181,#1182,#1183,#1184,#1185,#1186,#1187,#1188,#1189,
#1190,#1191,#1192,#1193,#1194,#1195,#1196,#1197,#1198,#1199,#1200,#1201,
#1202,#1203,#1204,#1205,#1206,#1207,#1208),.UNSPECIFIED.,.F.,.F.,(4,3,3,
3,3,3,3,3,3,3,3,3,3,3,3,3,3,3,3,3,3,3,3,3,4),(-0.531451032086029,-0.500651793158125,
-0.469241300356832,-0.439278803151404,-0.433238453742121,-0.402108038326037,
-0.371100341232538,-0.353405463917647,-0.345002936752215,-0.340763336619655,
-0.310307769531052,-0.280242518037963,-0.251100647857385,-0.229541322713414,
-0.223449756866667,-0.193932308227696,-0.163908953885982,-0.13383848271097,
-0.117108672372099,-0.112089766734898,-0.107631096903365,-0.0781044122282903,
-0.0487641707081022,-0.0202256363869942,0.),.UNSPECIFIED.);
#160=B_SPLINE_CURVE_WITH_KNOTS('',3,(#1210,#1211,#1212,#1213,#1214,#1215,
#1216,#1217,#1218,#1219,#1220,#1221,#1222,#1223,#1224,#1225,#1226,#1227,
#1228,#1229,#1230,#1231,#1232,#1233,#1234,#1235,#1236,#1237,#1238,#1239,
#1240,#1241,#1242,#1243,#1244,#1245,#1246,#1247,#1248,#1249,#1250,#1251,
#1252,#1253,#1254,#1255,#1256,#1257,#1258,#1259,#1260,#1261,#1262,#1263,
#1264,#1265,#1266,#1267,#1268,#1269,#1270,#1271,#1272,#1273,#1274,#1275,
#1276,#1277,#1278,#1279,#1280,#1281,#1282,#1283,#1284,#1285),
 .UNSPECIFIED.,.F.,.F.,(4,3,3,3,3,3,3,3,3,3,3,3,3,3,3,3,3,3,3,3,3,3,3,3,
3,4),(-0.532710415481816,-0.504627953973005,-0.475829958623477,-0.45974483514811,
-0.45024720940932,-0.44294157970477,-0.413335341083015,-0.383393801716316,
-0.366063380992275,-0.360257247049273,-0.355342020763104,-0.324891231614202,
-0.294486426160647,-0.264782211649533,-0.244750435923994,-0.238754438149352,
-0.208910133380683,-0.178536270747673,-0.147664361205027,-0.129206316054399,
-0.123854239441286,-0.119339207979357,-0.0880126330682257,-0.056401720046493,
-0.0250744840514549,0.),.UNSPECIFIED.);
#161=B_SPLINE_CURVE_WITH_KNOTS('',3,(#1287,#1288,#1289,#1290,#1291,#1292,
#1293,#1294,#1295,#1296,#1297,#1298,#1299,#1300,#1301,#1302,#1303,#1304,
#1305,#1306,#1307,#1308),.UNSPECIFIED.,.F.,.F.,(4,3,3,3,3,3,3,4),(-9.64038768443176,
-8.79831997806411,-7.82072886939032,-6.84313776071653,-5.86554665204274,
-4.88795554336895,-3.91036443469516,-3.35720237725217),.UNSPECIFIED.);
#162=LINE('',#674,#176);
#163=LINE('',#713,#177);
#164=LINE('',#761,#178);
#165=LINE('',#771,#179);
#166=LINE('',#785,#180);
#167=LINE('',#813,#181);
#168=LINE('',#824,#182);
#169=LINE('',#844,#183);
#170=LINE('',#1403,#184);
#171=LINE('',#1415,#185);
#172=LINE('',#1419,#186);
#173=LINE('',#1426,#187);
#174=LINE('',#1432,#188);
#175=LINE('',#1440,#189);
#176=VECTOR('',#540,3.175);
#177=VECTOR('',#545,3.175);
#178=VECTOR('',#550,3.175);
#179=VECTOR('',#553,3.175);
#180=VECTOR('',#560,3.175);
#181=VECTOR('',#565,3.175);
#182=VECTOR('',#568,3.175);
#183=VECTOR('',#589,4.0005);
#184=VECTOR('',#614,9.25);
#185=VECTOR('',#631,0.3302);
#186=VECTOR('',#636,0.4699);
#187=VECTOR('',#645,0.5969);
#188=VECTOR('',#652,2.14376);
#189=VECTOR('',#663,2.29616);
#190=VERTEX_POINT('',#672);
#191=VERTEX_POINT('',#673);
#192=VERTEX_POINT('',#675);
#193=VERTEX_POINT('',#689);
#194=VERTEX_POINT('',#711);
#195=VERTEX_POINT('',#712);
#196=VERTEX_POINT('',#714);
#197=VERTEX_POINT('',#731);
#198=VERTEX_POINT('',#759);
#199=VERTEX_POINT('',#760);
#200=VERTEX_POINT('',#762);
#201=VERTEX_POINT('',#768);
#202=VERTEX_POINT('',#770);
#203=VERTEX_POINT('',#773);
#204=VERTEX_POINT('',#783);
#205=VERTEX_POINT('',#784);
#206=VERTEX_POINT('',#809);
#207=VERTEX_POINT('',#810);
#208=VERTEX_POINT('',#812);
#209=VERTEX_POINT('',#814);
#210=VERTEX_POINT('',#816);
#211=VERTEX_POINT('',#823);
#212=VERTEX_POINT('',#825);
#213=VERTEX_POINT('',#833);
#214=VERTEX_POINT('',#835);
#215=VERTEX_POINT('',#839);
#216=VERTEX_POINT('',#842);
#217=VERTEX_POINT('',#1394);
#218=VERTEX_POINT('',#1396);
#219=VERTEX_POINT('',#1398);
#220=VERTEX_POINT('',#1402);
#221=VERTEX_POINT('',#1407);
#222=VERTEX_POINT('',#1412);
#223=VERTEX_POINT('',#1414);
#224=VERTEX_POINT('',#1418);
#225=VERTEX_POINT('',#1423);
#226=VERTEX_POINT('',#1425);
#227=VERTEX_POINT('',#1429);
#228=VERTEX_POINT('',#1431);
#229=VERTEX_POINT('',#1437);
#230=VERTEX_POINT('',#1439);
#231=EDGE_CURVE('',#190,#191,#162,.T.);
#232=EDGE_CURVE('',#191,#192,#144,.T.);
#233=EDGE_CURVE('',#192,#193,#113,.T.);
#234=EDGE_CURVE('',#193,#190,#145,.T.);
#235=EDGE_CURVE('',#194,#195,#163,.T.);
#236=EDGE_CURVE('',#194,#196,#146,.T.);
#237=EDGE_CURVE('',#196,#197,#114,.T.);
#238=EDGE_CURVE('',#197,#195,#147,.T.);
#239=EDGE_CURVE('',#198,#199,#164,.T.);
#240=EDGE_CURVE('',#199,#200,#148,.T.);
#241=EDGE_CURVE('',#200,#201,#115,.T.);
#242=EDGE_CURVE('',#201,#202,#165,.T.);
#243=EDGE_CURVE('',#202,#202,#116,.T.);
#244=EDGE_CURVE('',#201,#203,#117,.T.);
#245=EDGE_CURVE('',#198,#203,#149,.T.);
#246=EDGE_CURVE('',#204,#205,#166,.T.);
#247=EDGE_CURVE('',#205,#199,#150,.T.);
#248=EDGE_CURVE('',#204,#198,#151,.T.);
#249=EDGE_CURVE('',#206,#207,#118,.T.);
#250=EDGE_CURVE('',#206,#208,#167,.T.);
#251=EDGE_CURVE('',#208,#209,#119,.T.);
#252=EDGE_CURVE('',#209,#210,#152,.T.);
#253=EDGE_CURVE('',#211,#210,#168,.T.);
#254=EDGE_CURVE('',#212,#211,#153,.T.);
#255=EDGE_CURVE('',#212,#208,#120,.T.);
#256=EDGE_CURVE('',#207,#206,#121,.T.);
#257=EDGE_CURVE('',#213,#213,#122,.T.);
#258=EDGE_CURVE('',#213,#214,#123,.T.);
#259=EDGE_CURVE('',#214,#214,#124,.T.);
#260=EDGE_CURVE('',#215,#215,#125,.T.);
#261=EDGE_CURVE('',#216,#216,#126,.T.);
#262=EDGE_CURVE('',#216,#214,#169,.T.);
#263=EDGE_CURVE('',#215,#207,#127,.T.);
#264=EDGE_CURVE('',#210,#205,#154,.T.);
#265=EDGE_CURVE('',#211,#204,#155,.T.);
#266=EDGE_CURVE('',#197,#200,#156,.T.);
#267=EDGE_CURVE('',#203,#196,#157,.T.);
#268=EDGE_CURVE('',#190,#194,#158,.T.);
#269=EDGE_CURVE('',#212,#193,#159,.T.);
#270=EDGE_CURVE('',#192,#209,#160,.T.);
#271=EDGE_CURVE('',#195,#191,#161,.T.);
#272=EDGE_CURVE('',#217,#217,#128,.T.);
#273=EDGE_CURVE('',#217,#218,#129,.T.);
#274=EDGE_CURVE('',#218,#219,#130,.T.);
#275=EDGE_CURVE('',#219,#218,#131,.T.);
#276=EDGE_CURVE('',#219,#220,#170,.T.);
#277=EDGE_CURVE('',#220,#220,#132,.T.);
#278=EDGE_CURVE('',#221,#221,#133,.T.);
#279=EDGE_CURVE('',#221,#220,#134,.T.);
#280=EDGE_CURVE('',#222,#222,#135,.T.);
#281=EDGE_CURVE('',#222,#223,#171,.T.);
#282=EDGE_CURVE('',#223,#223,#136,.T.);
#283=EDGE_CURVE('',#222,#224,#172,.T.);
#284=EDGE_CURVE('',#224,#224,#137,.F.);
#285=EDGE_CURVE('',#225,#225,#138,.F.);
#286=EDGE_CURVE('',#225,#226,#173,.T.);
#287=EDGE_CURVE('',#226,#226,#139,.F.);
#288=EDGE_CURVE('',#227,#227,#140,.F.);
#289=EDGE_CURVE('',#227,#228,#174,.T.);
#290=EDGE_CURVE('',#228,#228,#141,.F.);
#291=EDGE_CURVE('',#229,#229,#142,.F.);
#292=EDGE_CURVE('',#229,#230,#175,.T.);
#293=EDGE_CURVE('',#230,#230,#143,.T.);
#294=ORIENTED_EDGE('',*,*,#231,.T.);
#295=ORIENTED_EDGE('',*,*,#232,.T.);
#296=ORIENTED_EDGE('',*,*,#233,.T.);
#297=ORIENTED_EDGE('',*,*,#234,.T.);
#298=ORIENTED_EDGE('',*,*,#235,.F.);
#299=ORIENTED_EDGE('',*,*,#236,.T.);
#300=ORIENTED_EDGE('',*,*,#237,.T.);
#301=ORIENTED_EDGE('',*,*,#238,.T.);
#302=ORIENTED_EDGE('',*,*,#239,.T.);
#303=ORIENTED_EDGE('',*,*,#240,.T.);
#304=ORIENTED_EDGE('',*,*,#241,.T.);
#305=ORIENTED_EDGE('',*,*,#242,.T.);
#306=ORIENTED_EDGE('',*,*,#243,.T.);
#307=ORIENTED_EDGE('',*,*,#242,.F.);
#308=ORIENTED_EDGE('',*,*,#244,.T.);
#309=ORIENTED_EDGE('',*,*,#245,.F.);
#310=ORIENTED_EDGE('',*,*,#246,.T.);
#311=ORIENTED_EDGE('',*,*,#247,.T.);
#312=ORIENTED_EDGE('',*,*,#239,.F.);
#313=ORIENTED_EDGE('',*,*,#248,.F.);
#314=ORIENTED_EDGE('',*,*,#249,.F.);
#315=ORIENTED_EDGE('',*,*,#250,.T.);
#316=ORIENTED_EDGE('',*,*,#251,.T.);
#317=ORIENTED_EDGE('',*,*,#252,.T.);
#318=ORIENTED_EDGE('',*,*,#253,.F.);
#319=ORIENTED_EDGE('',*,*,#254,.F.);
#320=ORIENTED_EDGE('',*,*,#255,.T.);
#321=ORIENTED_EDGE('',*,*,#250,.F.);
#322=ORIENTED_EDGE('',*,*,#256,.F.);
#323=ORIENTED_EDGE('',*,*,#257,.T.);
#324=ORIENTED_EDGE('',*,*,#258,.T.);
#325=ORIENTED_EDGE('',*,*,#259,.T.);
#326=ORIENTED_EDGE('',*,*,#258,.F.);
#327=ORIENTED_EDGE('',*,*,#257,.F.);
#328=ORIENTED_EDGE('',*,*,#260,.F.);
#329=ORIENTED_EDGE('',*,*,#261,.T.);
#330=ORIENTED_EDGE('',*,*,#262,.T.);
#331=ORIENTED_EDGE('',*,*,#259,.F.);
#332=ORIENTED_EDGE('',*,*,#262,.F.);
#333=ORIENTED_EDGE('',*,*,#260,.T.);
#334=ORIENTED_EDGE('',*,*,#263,.T.);
#335=ORIENTED_EDGE('',*,*,#256,.T.);
#336=ORIENTED_EDGE('',*,*,#249,.T.);
#337=ORIENTED_EDGE('',*,*,#263,.F.);
#338=ORIENTED_EDGE('',*,*,#253,.T.);
#339=ORIENTED_EDGE('',*,*,#264,.T.);
#340=ORIENTED_EDGE('',*,*,#246,.F.);
#341=ORIENTED_EDGE('',*,*,#265,.F.);
#342=ORIENTED_EDGE('',*,*,#266,.F.);
#343=ORIENTED_EDGE('',*,*,#237,.F.);
#344=ORIENTED_EDGE('',*,*,#267,.F.);
#345=ORIENTED_EDGE('',*,*,#244,.F.);
#346=ORIENTED_EDGE('',*,*,#241,.F.);
#347=ORIENTED_EDGE('',*,*,#267,.T.);
#348=ORIENTED_EDGE('',*,*,#236,.F.);
#349=ORIENTED_EDGE('',*,*,#268,.F.);
#350=ORIENTED_EDGE('',*,*,#234,.F.);
#351=ORIENTED_EDGE('',*,*,#269,.F.);
#352=ORIENTED_EDGE('',*,*,#254,.T.);
#353=ORIENTED_EDGE('',*,*,#265,.T.);
#354=ORIENTED_EDGE('',*,*,#248,.T.);
#355=ORIENTED_EDGE('',*,*,#245,.T.);
#356=ORIENTED_EDGE('',*,*,#270,.T.);
#357=ORIENTED_EDGE('',*,*,#251,.F.);
#358=ORIENTED_EDGE('',*,*,#255,.F.);
#359=ORIENTED_EDGE('',*,*,#269,.T.);
#360=ORIENTED_EDGE('',*,*,#233,.F.);
#361=ORIENTED_EDGE('',*,*,#235,.T.);
#362=ORIENTED_EDGE('',*,*,#271,.T.);
#363=ORIENTED_EDGE('',*,*,#231,.F.);
#364=ORIENTED_EDGE('',*,*,#268,.T.);
#365=ORIENTED_EDGE('',*,*,#266,.T.);
#366=ORIENTED_EDGE('',*,*,#240,.F.);
#367=ORIENTED_EDGE('',*,*,#247,.F.);
#368=ORIENTED_EDGE('',*,*,#264,.F.);
#369=ORIENTED_EDGE('',*,*,#252,.F.);
#370=ORIENTED_EDGE('',*,*,#270,.F.);
#371=ORIENTED_EDGE('',*,*,#232,.F.);
#372=ORIENTED_EDGE('',*,*,#271,.F.);
#373=ORIENTED_EDGE('',*,*,#238,.F.);
#374=ORIENTED_EDGE('',*,*,#272,.T.);
#375=ORIENTED_EDGE('',*,*,#273,.T.);
#376=ORIENTED_EDGE('',*,*,#274,.T.);
#377=ORIENTED_EDGE('',*,*,#275,.T.);
#378=ORIENTED_EDGE('',*,*,#273,.F.);
#379=ORIENTED_EDGE('',*,*,#275,.F.);
#380=ORIENTED_EDGE('',*,*,#276,.T.);
#381=ORIENTED_EDGE('',*,*,#277,.F.);
#382=ORIENTED_EDGE('',*,*,#276,.F.);
#383=ORIENTED_EDGE('',*,*,#274,.F.);
#384=ORIENTED_EDGE('',*,*,#272,.F.);
#385=ORIENTED_EDGE('',*,*,#278,.T.);
#386=ORIENTED_EDGE('',*,*,#279,.T.);
#387=ORIENTED_EDGE('',*,*,#277,.T.);
#388=ORIENTED_EDGE('',*,*,#279,.F.);
#389=ORIENTED_EDGE('',*,*,#278,.F.);
#390=ORIENTED_EDGE('',*,*,#261,.F.);
#391=ORIENTED_EDGE('',*,*,#280,.T.);
#392=ORIENTED_EDGE('',*,*,#281,.T.);
#393=ORIENTED_EDGE('',*,*,#282,.T.);
#394=ORIENTED_EDGE('',*,*,#281,.F.);
#395=ORIENTED_EDGE('',*,*,#280,.F.);
#396=ORIENTED_EDGE('',*,*,#283,.T.);
#397=ORIENTED_EDGE('',*,*,#284,.T.);
#398=ORIENTED_EDGE('',*,*,#283,.F.);
#399=ORIENTED_EDGE('',*,*,#282,.F.);
#400=ORIENTED_EDGE('',*,*,#285,.T.);
#401=ORIENTED_EDGE('',*,*,#286,.T.);
#402=ORIENTED_EDGE('',*,*,#287,.T.);
#403=ORIENTED_EDGE('',*,*,#286,.F.);
#404=ORIENTED_EDGE('',*,*,#288,.T.);
#405=ORIENTED_EDGE('',*,*,#289,.T.);
#406=ORIENTED_EDGE('',*,*,#290,.T.);
#407=ORIENTED_EDGE('',*,*,#289,.F.);
#408=ORIENTED_EDGE('',*,*,#288,.F.);
#409=ORIENTED_EDGE('',*,*,#285,.F.);
#410=ORIENTED_EDGE('',*,*,#287,.F.);
#411=ORIENTED_EDGE('',*,*,#284,.F.);
#412=ORIENTED_EDGE('',*,*,#291,.T.);
#413=ORIENTED_EDGE('',*,*,#292,.T.);
#414=ORIENTED_EDGE('',*,*,#293,.F.);
#415=ORIENTED_EDGE('',*,*,#292,.F.);
#416=ORIENTED_EDGE('',*,*,#291,.F.);
#417=ORIENTED_EDGE('',*,*,#290,.F.);
#418=ORIENTED_EDGE('',*,*,#243,.F.);
#419=ORIENTED_EDGE('',*,*,#293,.T.);
#420=CYLINDRICAL_SURFACE('',#477,2.8321);
#421=CYLINDRICAL_SURFACE('',#479,2.8321);
#422=CYLINDRICAL_SURFACE('',#481,3.175);
#423=CYLINDRICAL_SURFACE('',#485,3.175);
#424=CYLINDRICAL_SURFACE('',#486,3.175);
#425=CYLINDRICAL_SURFACE('',#497,4.0005);
#426=CYLINDRICAL_SURFACE('',#501,3.175);
#427=CYLINDRICAL_SURFACE('',#504,2.8321);
#428=CYLINDRICAL_SURFACE('',#510,9.25);
#429=CYLINDRICAL_SURFACE('',#520,0.4699);
#430=CYLINDRICAL_SURFACE('',#523,0.5969);
#431=CYLINDRICAL_SURFACE('',#526,2.14376);
#432=CYLINDRICAL_SURFACE('',#531,2.29616);
#433=ADVANCED_FACE('',(#47),#420,.F.);
#434=ADVANCED_FACE('',(#48),#421,.F.);
#435=ADVANCED_FACE('',(#49),#422,.F.);
#436=ADVANCED_FACE('',(#50),#423,.F.);
#437=ADVANCED_FACE('',(#51),#424,.F.);
#438=ADVANCED_FACE('',(#52),#43,.T.);
#439=ADVANCED_FACE('',(#53,#27),#33,.T.);
#440=ADVANCED_FACE('',(#54),#425,.T.);
#441=ADVANCED_FACE('',(#55),#44,.T.);
#442=ADVANCED_FACE('',(#56),#426,.F.);
#443=ADVANCED_FACE('',(#57),#34,.F.);
#444=ADVANCED_FACE('',(#58),#25,.F.);
#445=ADVANCED_FACE('',(#59),#35,.T.);
#446=ADVANCED_FACE('',(#60),#427,.F.);
#447=ADVANCED_FACE('',(#61),#26,.F.);
#448=ADVANCED_FACE('',(#62),#45,.T.);
#449=ADVANCED_FACE('',(#63),#428,.T.);
#450=ADVANCED_FACE('',(#64),#36,.F.);
#451=ADVANCED_FACE('',(#65),#46,.T.);
#452=ADVANCED_FACE('',(#66,#28),#37,.T.);
#453=ADVANCED_FACE('',(#67),#14,.T.);
#454=ADVANCED_FACE('',(#68),#429,.T.);
#455=ADVANCED_FACE('',(#69),#38,.T.);
#456=ADVANCED_FACE('',(#70),#430,.F.);
#457=ADVANCED_FACE('',(#71),#431,.T.);
#458=ADVANCED_FACE('',(#72,#29),#39,.T.);
#459=ADVANCED_FACE('',(#73,#30),#40,.T.);
#460=ADVANCED_FACE('',(#74),#432,.T.);
#461=ADVANCED_FACE('',(#75,#31),#41,.T.);
#462=ADVANCED_FACE('',(#76,#32),#42,.F.);
#463=CLOSED_SHELL('',(#433,#434,#435,#436,#437,#438,#439,#440,#441,#442,
#443,#444,#445,#446,#447,#448,#449,#450,#451,#452,#453,#454,#455,#456,#457,
#458,#459,#460,#461,#462));
#464=DERIVED_UNIT_ELEMENT(#466,1.);
#465=DERIVED_UNIT_ELEMENT(#1449,-3.);
#466=(
MASS_UNIT()
NAMED_UNIT(*)
SI_UNIT(.KILO.,.GRAM.)
);
#467=DERIVED_UNIT((#464,#465));
#468=MEASURE_REPRESENTATION_ITEM('density measure',
POSITIVE_RATIO_MEASURE(7850.),#467);
#469=PROPERTY_DEFINITION_REPRESENTATION(#474,#471);
#470=PROPERTY_DEFINITION_REPRESENTATION(#475,#472);
#471=REPRESENTATION('material name',(#473),#1446);
#472=REPRESENTATION('density',(#468),#1446);
#473=DESCRIPTIVE_REPRESENTATION_ITEM('Steel','Steel');
#474=PROPERTY_DEFINITION('material property','material name',#1456);
#475=PROPERTY_DEFINITION('material property','density of part',#1456);
#476=AXIS2_PLACEMENT_3D('',#670,#536,#537);
#477=AXIS2_PLACEMENT_3D('',#671,#538,#539);
#478=AXIS2_PLACEMENT_3D('',#690,#541,#542);
#479=AXIS2_PLACEMENT_3D('',#710,#543,#544);
#480=AXIS2_PLACEMENT_3D('',#732,#546,#547);
#481=AXIS2_PLACEMENT_3D('',#758,#548,#549);
#482=AXIS2_PLACEMENT_3D('',#769,#551,#552);
#483=AXIS2_PLACEMENT_3D('',#772,#554,#555);
#484=AXIS2_PLACEMENT_3D('',#774,#556,#557);
#485=AXIS2_PLACEMENT_3D('',#782,#558,#559);
#486=AXIS2_PLACEMENT_3D('',#808,#561,#562);
#487=AXIS2_PLACEMENT_3D('',#811,#563,#564);
#488=AXIS2_PLACEMENT_3D('',#815,#566,#567);
#489=AXIS2_PLACEMENT_3D('',#830,#569,#570);
#490=AXIS2_PLACEMENT_3D('',#831,#571,#572);
#491=AXIS2_PLACEMENT_3D('',#832,#573,#574);
#492=AXIS2_PLACEMENT_3D('',#834,#575,#576);
#493=AXIS2_PLACEMENT_3D('',#836,#577,#578);
#494=AXIS2_PLACEMENT_3D('',#837,#579,#580);
#495=AXIS2_PLACEMENT_3D('',#838,#581,#582);
#496=AXIS2_PLACEMENT_3D('',#840,#583,#584);
#497=AXIS2_PLACEMENT_3D('',#841,#585,#586);
#498=AXIS2_PLACEMENT_3D('',#843,#587,#588);
#499=AXIS2_PLACEMENT_3D('',#845,#590,#591);
#500=AXIS2_PLACEMENT_3D('',#846,#592,#593);
#501=AXIS2_PLACEMENT_3D('',#847,#594,#595);
#502=AXIS2_PLACEMENT_3D('',#868,#596,#597);
#503=AXIS2_PLACEMENT_3D('',#1209,#598,#599);
#504=AXIS2_PLACEMENT_3D('',#1286,#600,#601);
#505=AXIS2_PLACEMENT_3D('',#1393,#602,#603);
#506=AXIS2_PLACEMENT_3D('',#1395,#604,#605);
#507=AXIS2_PLACEMENT_3D('',#1397,#606,#607);
#508=AXIS2_PLACEMENT_3D('',#1399,#608,#609);
#509=AXIS2_PLACEMENT_3D('',#1400,#610,#611);
#510=AXIS2_PLACEMENT_3D('',#1401,#612,#613);
#511=AXIS2_PLACEMENT_3D('',#1404,#615,#616);
#512=AXIS2_PLACEMENT_3D('',#1405,#617,#618);
#513=AXIS2_PLACEMENT_3D('',#1406,#619,#620);
#514=AXIS2_PLACEMENT_3D('',#1408,#621,#622);
#515=AXIS2_PLACEMENT_3D('',#1409,#623,#624);
#516=AXIS2_PLACEMENT_3D('',#1410,#625,#626);
#517=AXIS2_PLACEMENT_3D('',#1411,#627,#628);
#518=AXIS2_PLACEMENT_3D('',#1413,#629,#630);
#519=AXIS2_PLACEMENT_3D('',#1416,#632,#633);
#520=AXIS2_PLACEMENT_3D('',#1417,#634,#635);
#521=AXIS2_PLACEMENT_3D('',#1420,#637,#638);
#522=AXIS2_PLACEMENT_3D('',#1421,#639,#640);
#523=AXIS2_PLACEMENT_3D('',#1422,#641,#642);
#524=AXIS2_PLACEMENT_3D('',#1424,#643,#644);
#525=AXIS2_PLACEMENT_3D('',#1427,#646,#647);
#526=AXIS2_PLACEMENT_3D('',#1428,#648,#649);
#527=AXIS2_PLACEMENT_3D('',#1430,#650,#651);
#528=AXIS2_PLACEMENT_3D('',#1433,#653,#654);
#529=AXIS2_PLACEMENT_3D('',#1434,#655,#656);
#530=AXIS2_PLACEMENT_3D('',#1435,#657,#658);
#531=AXIS2_PLACEMENT_3D('',#1436,#659,#660);
#532=AXIS2_PLACEMENT_3D('',#1438,#661,#662);
#533=AXIS2_PLACEMENT_3D('',#1441,#664,#665);
#534=AXIS2_PLACEMENT_3D('',#1442,#666,#667);
#535=AXIS2_PLACEMENT_3D('',#1443,#668,#669);
#536=DIRECTION('axis',(0.,0.,1.));
#537=DIRECTION('refdir',(1.,0.,0.));
#538=DIRECTION('center_axis',(0.,0.,-1.));
#539=DIRECTION('ref_axis',(0.819357534588115,-0.573282853845888,0.));
#540=DIRECTION('',(0.,0.,1.));
#541=DIRECTION('center_axis',(0.,0.,1.));
#542=DIRECTION('ref_axis',(1.,0.,0.));
#543=DIRECTION('center_axis',(0.,0.,-1.));
#544=DIRECTION('ref_axis',(0.998979710821576,0.0451612374369814,0.));
#545=DIRECTION('',(0.,0.,1.));
#546=DIRECTION('center_axis',(0.,0.,-1.));
#547=DIRECTION('ref_axis',(1.,0.,0.));
#548=DIRECTION('center_axis',(0.,0.,-1.));
#549=DIRECTION('ref_axis',(1.,-3.92079068054312E-15,-4.37095678986282E-17));
#550=DIRECTION('',(1.22464679914735E-16,-4.9515597353201E-31,-1.));
#551=DIRECTION('center_axis',(0.,0.,1.));
#552=DIRECTION('ref_axis',(1.,0.,0.));
#553=DIRECTION('',(1.22464679914735E-16,-4.9515597353201E-31,-1.));
#554=DIRECTION('center_axis',(0.,0.,-1.));
#555=DIRECTION('ref_axis',(1.,0.,0.));
#556=DIRECTION('center_axis',(0.,0.,1.));
#557=DIRECTION('ref_axis',(1.,0.,0.));
#558=DIRECTION('center_axis',(0.,0.,-1.));
#559=DIRECTION('ref_axis',(1.,-3.92079068054312E-15,-4.37095678986282E-17));
#560=DIRECTION('',(1.22464679914735E-16,-4.9515597353201E-31,-1.));
#561=DIRECTION('center_axis',(0.,0.,-1.));
#562=DIRECTION('ref_axis',(1.,-3.92079068054312E-15,-4.37095678986282E-17));
#563=DIRECTION('center_axis',(0.,0.,-1.));
#564=DIRECTION('ref_axis',(1.,0.,0.));
#565=DIRECTION('',(1.22464679914735E-16,-4.9515597353201E-31,-1.));
#566=DIRECTION('center_axis',(0.,0.,-1.));
#567=DIRECTION('ref_axis',(1.,0.,0.));
#568=DIRECTION('',(1.22464679914735E-16,-4.9515597353201E-31,-1.));
#569=DIRECTION('center_axis',(0.,0.,-1.));
#570=DIRECTION('ref_axis',(1.,0.,0.));
#571=DIRECTION('center_axis',(0.,0.,-1.));
#572=DIRECTION('ref_axis',(1.,0.,0.));
#573=DIRECTION('center_axis',(0.,0.,1.));
#574=DIRECTION('ref_axis',(1.,0.,0.));
#575=DIRECTION('center_axis',(0.,0.,-1.));
#576=DIRECTION('ref_axis',(1.,0.,0.));
#577=DIRECTION('center_axis',(1.22464679914735E-16,-1.,0.));
#578=DIRECTION('ref_axis',(-1.,-1.22464679914735E-16,0.));
#579=DIRECTION('center_axis',(0.,0.,1.));
#580=DIRECTION('ref_axis',(1.,0.,0.));
#581=DIRECTION('center_axis',(0.,0.,1.));
#582=DIRECTION('ref_axis',(1.,0.,0.));
#583=DIRECTION('center_axis',(0.,0.,1.));
#584=DIRECTION('ref_axis',(1.,0.,0.));
#585=DIRECTION('center_axis',(0.,0.,-1.));
#586=DIRECTION('ref_axis',(1.,0.,0.));
#587=DIRECTION('center_axis',(0.,0.,1.));
#588=DIRECTION('ref_axis',(1.,0.,0.));
#589=DIRECTION('',(0.,0.,1.));
#590=DIRECTION('center_axis',(0.,0.,-1.));
#591=DIRECTION('ref_axis',(-1.,0.,0.));
#592=DIRECTION('center_axis',(-1.22464679914735E-16,-1.,0.));
#593=DIRECTION('ref_axis',(1.,-1.22464679914735E-16,0.));
#594=DIRECTION('center_axis',(0.,0.,-1.));
#595=DIRECTION('ref_axis',(1.,-3.92079068054312E-15,-4.37095678986282E-17));
#596=DIRECTION('center_axis',(0.,0.,1.));
#597=DIRECTION('ref_axis',(1.,0.,0.));
#598=DIRECTION('center_axis',(0.,0.,1.));
#599=DIRECTION('ref_axis',(1.,0.,0.));
#600=DIRECTION('center_axis',(0.,0.,-1.));
#601=DIRECTION('ref_axis',(1.,0.,0.));
#602=DIRECTION('center_axis',(0.,0.,-1.));
#603=DIRECTION('ref_axis',(-1.,0.,0.));
#604=DIRECTION('center_axis',(0.,0.,1.));
#605=DIRECTION('ref_axis',(1.,0.,0.));
#606=DIRECTION('center_axis',(-1.22464679914735E-16,-1.,0.));
#607=DIRECTION('ref_axis',(1.,-1.22464679914735E-16,0.));
#608=DIRECTION('center_axis',(0.,0.,-1.));
#609=DIRECTION('ref_axis',(1.,0.,0.));
#610=DIRECTION('center_axis',(0.,0.,-1.));
#611=DIRECTION('ref_axis',(1.,0.,0.));
#612=DIRECTION('center_axis',(0.,0.,-1.));
#613=DIRECTION('ref_axis',(1.,0.,0.));
#614=DIRECTION('',(0.,0.,1.));
#615=DIRECTION('center_axis',(0.,0.,1.));
#616=DIRECTION('ref_axis',(1.,0.,0.));
#617=DIRECTION('center_axis',(0.,0.,1.));
#618=DIRECTION('ref_axis',(1.,0.,0.));
#619=DIRECTION('center_axis',(0.,0.,1.));
#620=DIRECTION('ref_axis',(1.,0.,0.));
#621=DIRECTION('center_axis',(0.,0.,-1.));
#622=DIRECTION('ref_axis',(1.,0.,0.));
#623=DIRECTION('center_axis',(1.22464679914735E-16,-1.,0.));
#624=DIRECTION('ref_axis',(-1.,-1.22464679914735E-16,0.));
#625=DIRECTION('center_axis',(0.,0.,1.));
#626=DIRECTION('ref_axis',(1.,0.,0.));
#627=DIRECTION('center_axis',(0.,0.,-1.));
#628=DIRECTION('ref_axis',(-1.,0.,0.));
#629=DIRECTION('center_axis',(0.,0.,1.));
#630=DIRECTION('ref_axis',(-1.,0.,0.));
#631=DIRECTION('',(-0.591363663627518,7.24211617793492E-17,0.806404995855705));
#632=DIRECTION('center_axis',(0.,0.,-1.));
#633=DIRECTION('ref_axis',(-1.,0.,0.));
#634=DIRECTION('center_axis',(0.,0.,1.));
#635=DIRECTION('ref_axis',(-1.,0.,0.));
#636=DIRECTION('',(0.,0.,-1.));
#637=DIRECTION('center_axis',(0.,0.,-1.));
#638=DIRECTION('ref_axis',(-1.,0.,0.));
#639=DIRECTION('center_axis',(0.,0.,1.));
#640=DIRECTION('ref_axis',(1.,0.,0.));
#641=DIRECTION('center_axis',(0.,0.,1.));
#642=DIRECTION('ref_axis',(-1.,0.,0.));
#643=DIRECTION('center_axis',(0.,0.,-1.));
#644=DIRECTION('ref_axis',(-1.,0.,0.));
#645=DIRECTION('',(0.,0.,-1.));
#646=DIRECTION('center_axis',(0.,0.,1.));
#647=DIRECTION('ref_axis',(-1.,0.,0.));
#648=DIRECTION('center_axis',(0.,0.,1.));
#649=DIRECTION('ref_axis',(-1.,0.,0.));
#650=DIRECTION('center_axis',(0.,0.,1.));
#651=DIRECTION('ref_axis',(-1.,0.,0.));
#652=DIRECTION('',(0.,0.,-1.));
#653=DIRECTION('center_axis',(0.,0.,-1.));
#654=DIRECTION('ref_axis',(-1.,0.,0.));
#655=DIRECTION('center_axis',(0.,0.,1.));
#656=DIRECTION('ref_axis',(1.,0.,0.));
#657=DIRECTION('center_axis',(0.,0.,1.));
#658=DIRECTION('ref_axis',(1.,0.,0.));
#659=DIRECTION('center_axis',(0.,0.,1.));
#660=DIRECTION('ref_axis',(-1.,0.,0.));
#661=DIRECTION('center_axis',(0.,0.,1.));
#662=DIRECTION('ref_axis',(-1.,0.,0.));
#663=DIRECTION('',(0.,0.,-1.));
#664=DIRECTION('center_axis',(0.,0.,-1.));
#665=DIRECTION('ref_axis',(-1.,0.,0.));
#666=DIRECTION('center_axis',(0.,0.,1.));
#667=DIRECTION('ref_axis',(1.,0.,0.));
#668=DIRECTION('center_axis',(0.,0.,-1.));
#669=DIRECTION('ref_axis',(-1.,0.,0.));
#670=CARTESIAN_POINT('',(0.,0.,0.));
#671=CARTESIAN_POINT('Origin',(0.,0.,0.));
#672=CARTESIAN_POINT('',(-2.83631878919574,0.000267741018197571,-1.33045527850532));
#673=CARTESIAN_POINT('',(-2.82804044919221,-0.000680286385864454,-1.13898916593912));
#674=CARTESIAN_POINT('',(-2.8321,3.46832219986522E-16,0.));
#675=CARTESIAN_POINT('',(2.76652592374714,0.605908180531524,-0.762));
#676=CARTESIAN_POINT('Ctrl Pts',(-2.82804044919221,-0.000680286385864454,
-1.13898916593912));
#677=CARTESIAN_POINT('Ctrl Pts',(-2.82918310965117,-0.402590802820896,-1.12310241103192));
#678=CARTESIAN_POINT('Ctrl Pts',(-2.74881233835057,-0.804091940940486,-1.10721565612472));
#679=CARTESIAN_POINT('Ctrl Pts',(-2.58456136122555,-1.16778124197837,-1.09132890121752));
#680=CARTESIAN_POINT('Ctrl Pts',(-2.20624066342513,-2.00546995810982,-1.05473680108224));
#681=CARTESIAN_POINT('Ctrl Pts',(-1.3829161161108,-2.6425581524236,-1.01814470094696));
#682=CARTESIAN_POINT('Ctrl Pts',(-0.476679749413184,-2.79647933438435,-0.98155260081168));
#683=CARTESIAN_POINT('Ctrl Pts',(0.429556617284441,-2.9504005163451,-0.9449605006764));
#684=CARTESIAN_POINT('Ctrl Pts',(1.41870480336536,-2.62115468595281,-0.908368400541121));
#685=CARTESIAN_POINT('Ctrl Pts',(2.05230800081107,-1.95745510714788,-0.871776300405841));
#686=CARTESIAN_POINT('Ctrl Pts',(2.68591119825677,-1.29375552834296,-0.835184200270561));
#687=CARTESIAN_POINT('Ctrl Pts',(2.96396940706725,-0.295602201125392,-0.79859210013528));
#688=CARTESIAN_POINT('Ctrl Pts',(2.76652592374714,0.605908180531524,-0.762));
#689=CARTESIAN_POINT('',(-0.969029929275022,2.66221643391743,-0.762));
#690=CARTESIAN_POINT('Origin',(0.,0.,-0.762));
#691=CARTESIAN_POINT('Ctrl Pts',(-0.969029929275022,2.66221643391743,-0.762));
#692=CARTESIAN_POINT('Ctrl Pts',(-0.799292744644456,2.72597549888663,-0.769193064502186));
#693=CARTESIAN_POINT('Ctrl Pts',(-0.623809974561069,2.77316115641603,-0.776386129004372));
#694=CARTESIAN_POINT('Ctrl Pts',(-0.445373820536249,2.80163537706601,-0.783579193506558));
#695=CARTESIAN_POINT('Ctrl Pts',(0.462355230669433,2.94648762091583,-0.820171293641838));
#696=CARTESIAN_POINT('Ctrl Pts',(1.44651477666121,2.60710740220316,-0.856763393777119));
#697=CARTESIAN_POINT('Ctrl Pts',(2.07351079556099,1.93500208118041,-0.893355493912399));
#698=CARTESIAN_POINT('Ctrl Pts',(2.70050681446078,1.26289676015766,-0.929947594047679));
#699=CARTESIAN_POINT('Ctrl Pts',(2.97033930626859,0.258066336824813,-0.966539694182958));
#700=CARTESIAN_POINT('Ctrl Pts',(2.76382448779511,-0.63731109964157,-1.00313179431824));
#701=CARTESIAN_POINT('Ctrl Pts',(2.55730966932164,-1.53268853610795,-1.03972389445352));
#702=CARTESIAN_POINT('Ctrl Pts',(1.87444754056689,-2.31861298570787,-1.0763159945888));
#703=CARTESIAN_POINT('Ctrl Pts',(1.01646493089942,-2.64802879896593,-1.11290809472408));
#704=CARTESIAN_POINT('Ctrl Pts',(0.158482321231945,-2.97744461222399,-1.14950019485936));
#705=CARTESIAN_POINT('Ctrl Pts',(-0.874620769348248,-2.85035178914019,-1.18609229499464));
#706=CARTESIAN_POINT('Ctrl Pts',(-1.62732042797013,-2.32304526798499,-1.22268439512992));
#707=CARTESIAN_POINT('Ctrl Pts',(-2.36626960758493,-1.80537169559813,-1.25860802292172));
#708=CARTESIAN_POINT('Ctrl Pts',(-2.83496671708149,-0.901973242320549,-1.29453165071352));
#709=CARTESIAN_POINT('Ctrl Pts',(-2.83631878919574,0.000267741018197571,
-1.33045527850532));
#710=CARTESIAN_POINT('Origin',(0.,0.,0.));
#711=CARTESIAN_POINT('',(-2.8283979676356,-0.00115169046880683,-2.03601083406088));
#712=CARTESIAN_POINT('',(-2.83449914608313,0.00184497613302415,-1.84454472149468));
#713=CARTESIAN_POINT('',(-2.8321,3.46832219986522E-16,0.));
#714=CARTESIAN_POINT('',(0.62968733485405,-2.76121065301516,-2.54));
#715=CARTESIAN_POINT('Ctrl Pts',(-2.8283979676356,-0.00115169046880683,
-2.03601083406088));
#716=CARTESIAN_POINT('Ctrl Pts',(-2.82615545860066,0.546041467874022,-2.05763882216613));
#717=CARTESIAN_POINT('Ctrl Pts',(-2.67246461415872,1.09436451811576,-2.07926681027139));
#718=CARTESIAN_POINT('Ctrl Pts',(-2.37582245267818,1.54930917199005,-2.10089479837664));
#719=CARTESIAN_POINT('Ctrl Pts',(-1.8739375975351,2.31902386988808,-2.13748689851192));
#720=CARTESIAN_POINT('Ctrl Pts',(-0.96285748808068,2.82144479644965,-2.1740789986472));
#721=CARTESIAN_POINT('Ctrl Pts',(-0.0438126012465176,2.83579980419149,-2.21067109878248));
#722=CARTESIAN_POINT('Ctrl Pts',(0.875232285587642,2.85015481193334,-2.24726319891776));
#723=CARTESIAN_POINT('Ctrl Pts',(1.80224194980154,2.37644390085547,-2.28385529905304));
#724=CARTESIAN_POINT('Ctrl Pts',(2.32737045526916,1.62199426324111,-2.32044739918832));
#725=CARTESIAN_POINT('Ctrl Pts',(2.85249896073678,0.867544625626745,-2.3570394993236));
#726=CARTESIAN_POINT('Ctrl Pts',(2.97574630745812,-0.167643738524113,-2.39363159945888));
#727=CARTESIAN_POINT('Ctrl Pts',(2.64498798295102,-1.02353449653477,-2.43022369959416));
#728=CARTESIAN_POINT('Ctrl Pts',(2.31422965844391,-1.87942525454543,-2.46681579972944));
#729=CARTESIAN_POINT('Ctrl Pts',(1.52946566270837,-2.55601840641589,-2.50340789986472));
#730=CARTESIAN_POINT('Ctrl Pts',(0.629687334854041,-2.76121065301516,-2.54));
#731=CARTESIAN_POINT('',(-2.82143799844557,-0.256712619373285,-2.54));
#732=CARTESIAN_POINT('Origin',(0.,0.,-2.54));
#733=CARTESIAN_POINT('Ctrl Pts',(-2.82143799844557,-0.256712619373285,-2.54));
#734=CARTESIAN_POINT('Ctrl Pts',(-2.80685842340892,-0.437443202016818,-2.53280693549782));
#735=CARTESIAN_POINT('Ctrl Pts',(-2.77483641220409,-0.616315831210539,-2.52561387099563));
#736=CARTESIAN_POINT('Ctrl Pts',(-2.72462626552594,-0.789893641160331,-2.51842080649344));
#737=CARTESIAN_POINT('Ctrl Pts',(-2.46920040155718,-1.67290763346017,-2.48182870635816));
#738=CARTESIAN_POINT('Ctrl Pts',(-1.74308456939289,-2.41889722844438,-2.44523660622288));
#739=CARTESIAN_POINT('Ctrl Pts',(-0.867983685489885,-2.70005088485013,-2.4086445060876));
#740=CARTESIAN_POINT('Ctrl Pts',(0.00711719841312811,-2.98120454125588,
-2.37205240595232));
#741=CARTESIAN_POINT('Ctrl Pts',(1.03120313405487,-2.79752225908317,-2.33546030581704));
#742=CARTESIAN_POINT('Ctrl Pts',(1.75343488641346,-2.22942942117356,-2.29886820568176));
#743=CARTESIAN_POINT('Ctrl Pts',(2.47566663877205,-1.66133658326394,-2.26227610554648));
#744=CARTESIAN_POINT('Ctrl Pts',(2.8960442078475,-0.708833189617425,-2.2256840054112));
#745=CARTESIAN_POINT('Ctrl Pts',(2.82879741264859,0.2077511584156,-2.18909190527592));
#746=CARTESIAN_POINT('Ctrl Pts',(2.76155061744969,1.12433550644862,-2.15249980514064));
#747=CARTESIAN_POINT('Ctrl Pts',(2.20667945797644,2.00500080886816,-2.11590770500536));
#748=CARTESIAN_POINT('Ctrl Pts',(1.40907443675689,2.46154739581392,-2.07931560487008));
#749=CARTESIAN_POINT('Ctrl Pts',(0.61146941553735,2.91809398275968,-2.0427235047348));
#750=CARTESIAN_POINT('Ctrl Pts',(-0.428869467428489,2.95052185423166,-2.00613140459952));
#751=CARTESIAN_POINT('Ctrl Pts',(-1.25328278977095,2.54444772722317,-1.96953930446424));
#752=CARTESIAN_POINT('Ctrl Pts',(-2.07769611211341,2.13837360021468,-1.93294720432896));
#753=CARTESIAN_POINT('Ctrl Pts',(-2.6861838738325,1.29379747472571,-1.89635510419368));
#754=CARTESIAN_POINT('Ctrl Pts',(-2.81035675742294,0.383208401346512,-1.8597630040584));
#755=CARTESIAN_POINT('Ctrl Pts',(-2.82757083753172,0.25697348755463,-1.85469024320383));
#756=CARTESIAN_POINT('Ctrl Pts',(-2.83547722749813,0.129469919645162,-1.84961748234925));
#757=CARTESIAN_POINT('Ctrl Pts',(-2.83449914608313,0.00184497613302415,
-1.84454472149468));
#758=CARTESIAN_POINT('Origin',(0.,0.,0.822873130254887));
#759=CARTESIAN_POINT('',(-3.17084973950179,-0.00129113281255283,-2.233984241366));
#760=CARTESIAN_POINT('',(-3.1732320117625,-0.00231802759921209,-2.35212686974511));
#761=CARTESIAN_POINT('',(-3.175,1.28373357694537E-14,0.822873130254888));
#762=CARTESIAN_POINT('',(0.324143532993034,3.15841035491255,-2.54));
#763=CARTESIAN_POINT('Ctrl Pts',(-3.1732320117625,-0.00231802759921206,
-2.35212686974511));
#764=CARTESIAN_POINT('Ctrl Pts',(-3.16680066611784,0.734955530315015,-2.37815914636146));
#765=CARTESIAN_POINT('Ctrl Pts',(-2.54753146858195,2.51737923570536,-2.44078352311309));
#766=CARTESIAN_POINT('Ctrl Pts',(-0.705067760508879,3.26403696684191,-2.50340789986472));
#767=CARTESIAN_POINT('Ctrl Pts',(0.324143532993034,3.15841035491255,-2.54));
#768=CARTESIAN_POINT('',(-3.175,1.28373357694537E-14,-2.54));
#769=CARTESIAN_POINT('Origin',(0.,0.,-2.54));
#770=CARTESIAN_POINT('',(-3.175,3.88825358729285E-16,-5.1435));
#771=CARTESIAN_POINT('',(-3.175,1.28373357694537E-14,0.822873130254888));
#772=CARTESIAN_POINT('Origin',(0.,0.,-5.1435));
#773=CARTESIAN_POINT('',(2.90366249930477,1.28702702974891,-2.54));
#774=CARTESIAN_POINT('Origin',(0.,0.,-2.54));
#775=CARTESIAN_POINT('Ctrl Pts',(-3.17084973950179,-0.00129113281255259,
-2.233984241366));
#776=CARTESIAN_POINT('Ctrl Pts',(-3.16833571592002,0.6121541119664,-2.25561222947125));
#777=CARTESIAN_POINT('Ctrl Pts',(-2.70452595976573,2.26688885657558,-2.31383231771179));
#778=CARTESIAN_POINT('Ctrl Pts',(-0.0580463885944608,3.72630686436234,-2.4086445060876));
#779=CARTESIAN_POINT('Ctrl Pts',(2.22474010739391,2.5597808694819,-2.48902177086035));
#780=CARTESIAN_POINT('Ctrl Pts',(2.82320030399108,1.47369437053714,-2.53280693549781));
#781=CARTESIAN_POINT('Ctrl Pts',(2.90366249930477,1.28702702974891,-2.54));
#782=CARTESIAN_POINT('Origin',(0.,0.,0.822873130254887));
#783=CARTESIAN_POINT('',(-3.17972958430016,0.000300158092160774,-1.52842868581044));
#784=CARTESIAN_POINT('',(-3.17768962565374,0.00206835889352391,-1.64657131418956));
#785=CARTESIAN_POINT('',(-3.175,1.28373357694537E-14,0.822873130254888));
#786=CARTESIAN_POINT('Ctrl Pts',(-3.17768962565374,0.0020683588935241,-1.64657131418956));
#787=CARTESIAN_POINT('Ctrl Pts',(-3.17878612948221,0.14514564982641,-1.65164407504413));
#788=CARTESIAN_POINT('Ctrl Pts',(-3.10598486456831,1.31918602277459,-1.69330893603398));
#789=CARTESIAN_POINT('Ctrl Pts',(-1.64709456322234,3.34411404226867,-1.77156589715912));
#790=CARTESIAN_POINT('Ctrl Pts',(1.85180302522779,3.23505169426871,-1.88134219756496));
#791=CARTESIAN_POINT('Ctrl Pts',(3.71796163332169,0.273172874472073,-1.9911184979708));
#792=CARTESIAN_POINT('Ctrl Pts',(2.30413572835942,-2.93031387546016,-2.10089479837664));
#793=CARTESIAN_POINT('Ctrl Pts',(-1.14009948119799,-3.54807939846255,-2.21067109878248));
#794=CARTESIAN_POINT('Ctrl Pts',(-3.00307668370348,-1.63411258049699,-2.29441512257197));
#795=CARTESIAN_POINT('Ctrl Pts',(-3.17584084525016,-0.301388246139331,-2.34156704622618));
#796=CARTESIAN_POINT('Ctrl Pts',(-3.1732320117625,-0.00231802759921206,
-2.35212686974511));
#797=CARTESIAN_POINT('Ctrl Pts',(-3.17972958430016,0.000300158092160715,
-1.52842868581044));
#798=CARTESIAN_POINT('Ctrl Pts',(-3.17975779008946,0.0191219493354701,-1.52909715815392));
#799=CARTESIAN_POINT('Ctrl Pts',(-3.17121778405976,1.06822141005396,-1.56635773063268));
#800=CARTESIAN_POINT('Ctrl Pts',(-2.02833086095325,3.12762237087711,-1.64021040324672));
#801=CARTESIAN_POINT('Ctrl Pts',(1.45932803187254,3.43014786402026,-1.74998670365256));
#802=CARTESIAN_POINT('Ctrl Pts',(3.65998419085375,0.707575790291743,-1.8597630040584));
#803=CARTESIAN_POINT('Ctrl Pts',(2.63259525430649,-2.63921677976541,-1.96953930446424));
#804=CARTESIAN_POINT('Ctrl Pts',(-0.716455041617941,-3.65806490548981,-2.07931560487008));
#805=CARTESIAN_POINT('Ctrl Pts',(-2.8985553735062,-1.88595058554764,-2.16746391717067));
#806=CARTESIAN_POINT('Ctrl Pts',(-3.17258915836686,-0.425725588874066,-2.21902012933597));
#807=CARTESIAN_POINT('Ctrl Pts',(-3.17084973950179,-0.00129113281255259,
-2.233984241366));
#808=CARTESIAN_POINT('Origin',(0.,0.,0.822873130254887));
#809=CARTESIAN_POINT('',(-3.175,3.88825358729285E-16,-0.15));
#810=CARTESIAN_POINT('',(3.175,-3.88825358729285E-16,-0.15));
#811=CARTESIAN_POINT('Origin',(0.,0.,-0.15));
#812=CARTESIAN_POINT('',(-3.175,1.28373357694537E-14,-0.762));
#813=CARTESIAN_POINT('',(-3.175,1.28373357694537E-14,0.822873130254888));
#814=CARTESIAN_POINT('',(0.0717819043878152,-3.17530153472975,-0.762));
#815=CARTESIAN_POINT('Origin',(0.,0.,-0.762));
#816=CARTESIAN_POINT('',(-3.17044893407198,-0.000762652898940651,-0.941015758634001));
#817=CARTESIAN_POINT('Ctrl Pts',(0.0717819043878152,-3.17530153472975,-0.762));
#818=CARTESIAN_POINT('Ctrl Pts',(-0.131379435434639,-3.18197639986069,-0.769193064502186));
#819=CARTESIAN_POINT('Ctrl Pts',(-1.36891447737346,-3.10290726906386,-0.812978229139652));
#820=CARTESIAN_POINT('Ctrl Pts',(-2.87409601447665,-1.93819841796067,-0.872650148684319));
#821=CARTESIAN_POINT('Ctrl Pts',(-3.17172994355513,-0.451334980740908,-0.9251290037268));
#822=CARTESIAN_POINT('Ctrl Pts',(-3.17044893407198,-0.000762652898940348,
-0.941015758634001));
#823=CARTESIAN_POINT('',(-3.16940616380411,0.00325338098099721,-0.822873130254888));
#824=CARTESIAN_POINT('',(-3.175,1.28373357694537E-14,0.822873130254888));
#825=CARTESIAN_POINT('',(-2.71980152807052,-1.63807956092043,-0.762));
#826=CARTESIAN_POINT('Ctrl Pts',(-2.71980152807052,-1.63807956092042,-0.762));
#827=CARTESIAN_POINT('Ctrl Pts',(-3.01579901519596,-1.14661721867837,-0.782291043418296));
#828=CARTESIAN_POINT('Ctrl Pts',(-3.1672222902937,-0.571028338757679,-0.802582086836592));
#829=CARTESIAN_POINT('Ctrl Pts',(-3.16936323603864,0.00327834781427921,
-0.822873130254888));
#830=CARTESIAN_POINT('Origin',(0.,0.,-0.762));
#831=CARTESIAN_POINT('Origin',(0.,0.,-0.15));
#832=CARTESIAN_POINT('Origin',(0.,0.,-0.15));
#833=CARTESIAN_POINT('',(-3.8505,4.71550250011688E-16,0.));
#834=CARTESIAN_POINT('Origin',(0.,0.,0.));
#835=CARTESIAN_POINT('',(-4.0005,-4.89919951998899E-16,-0.15));
#836=CARTESIAN_POINT('Origin',(-3.8505,-4.71550250011688E-16,-0.15));
#837=CARTESIAN_POINT('Origin',(0.,0.,-0.15));
#838=CARTESIAN_POINT('Origin',(0.,0.,0.));
#839=CARTESIAN_POINT('',(3.325,-4.07195060716495E-16,0.));
#840=CARTESIAN_POINT('Origin',(0.,0.,0.));
#841=CARTESIAN_POINT('Origin',(0.,0.,0.));
#842=CARTESIAN_POINT('',(-4.0005,-4.89919951998899E-16,-0.2));
#843=CARTESIAN_POINT('Origin',(0.,0.,-0.2));
#844=CARTESIAN_POINT('',(-4.0005,4.89919951998899E-16,0.));
#845=CARTESIAN_POINT('Origin',(0.,0.,-0.15));
#846=CARTESIAN_POINT('Origin',(3.325,-4.07195060716495E-16,-0.15));
#847=CARTESIAN_POINT('Origin',(0.,0.,0.822873130254887));
#848=CARTESIAN_POINT('Ctrl Pts',(-3.17044893407198,-0.000762652898940348,
-0.941015758634001));
#849=CARTESIAN_POINT('Ctrl Pts',(-3.16877938332081,0.586472163316316,-0.96172110386208));
#850=CARTESIAN_POINT('Ctrl Pts',(-2.73461130589319,2.2136714075984,-1.01901854922544));
#851=CARTESIAN_POINT('Ctrl Pts',(-0.149068576370135,3.72500210546764,-1.11290809472408));
#852=CARTESIAN_POINT('Ctrl Pts',(3.00486299454236,2.20579516112979,-1.22268439512992));
#853=CARTESIAN_POINT('Ctrl Pts',(3.50893897566612,-1.25831891543691,-1.33246069553576));
#854=CARTESIAN_POINT('Ctrl Pts',(0.918111281739869,-3.61292333571112,-1.4422369959416));
#855=CARTESIAN_POINT('Ctrl Pts',(-2.32520346698493,-2.81937121590473,-1.54694053549286));
#856=CARTESIAN_POINT('Ctrl Pts',(-3.17087655537838,-0.886935046857721,-1.61505197490885));
#857=CARTESIAN_POINT('Ctrl Pts',(-3.17768962565374,0.0020683588935241,-1.64657131418956));
#858=CARTESIAN_POINT('Ctrl Pts',(-3.16936323603864,0.00327834781427921,
-0.822873130254888));
#859=CARTESIAN_POINT('Ctrl Pts',(-3.17108319086289,0.464654615055004,-0.839174186971872));
#860=CARTESIAN_POINT('Ctrl Pts',(-2.86404539198899,1.95902873894434,-0.892067343824137));
#861=CARTESIAN_POINT('Ctrl Pts',(-0.584982416280652,3.6837083403907,-0.98155260081168));
#862=CARTESIAN_POINT('Ctrl Pts',(2.72497121373653,2.54229504875615,-1.09132890121752));
#863=CARTESIAN_POINT('Ctrl Pts',(3.63247959425604,-0.837179469179396,-1.20110520162336));
#864=CARTESIAN_POINT('Ctrl Pts',(1.33585808499119,-3.48042313375314,-1.3108815020292));
#865=CARTESIAN_POINT('Ctrl Pts',(-2.11754586413598,-3.05558377246844,-1.41998933009156));
#866=CARTESIAN_POINT('Ctrl Pts',(-3.17821380838733,-1.01118076493334,-1.49250505801864));
#867=CARTESIAN_POINT('Ctrl Pts',(-3.17972958430016,0.000300158092160715,
-1.52842868581044));
#868=CARTESIAN_POINT('Origin',(0.,0.,-2.54));
#869=CARTESIAN_POINT('Ctrl Pts',(-2.82143799844557,-0.256712619373275,-2.54));
#870=CARTESIAN_POINT('Ctrl Pts',(-2.83568739734519,-0.161896943771052,-2.54));
#871=CARTESIAN_POINT('Ctrl Pts',(-2.84505776707123,-0.0664034549826068,
-2.54));
#872=CARTESIAN_POINT('Ctrl Pts',(-2.84970416064921,0.0293746899255727,-2.54));
#873=CARTESIAN_POINT('Ctrl Pts',(-2.85443261995444,0.126844491596018,-2.54));
#874=CARTESIAN_POINT('Ctrl Pts',(-2.85426883191005,0.224609948794709,-2.54));
#875=CARTESIAN_POINT('Ctrl Pts',(-2.84932406108885,0.322275292076817,-2.54));
#876=CARTESIAN_POINT('Ctrl Pts',(-2.84571224039151,0.393613220776402,-2.54));
#877=CARTESIAN_POINT('Ctrl Pts',(-2.8395485217823,0.464898184220251,-2.54));
#878=CARTESIAN_POINT('Ctrl Pts',(-2.83085886196694,0.535977935511883,-2.54));
#879=CARTESIAN_POINT('Ctrl Pts',(-2.82847401269929,0.555485545293473,-2.54));
#880=CARTESIAN_POINT('Ctrl Pts',(-2.82589882239906,0.574977696539748,-2.54));
#881=CARTESIAN_POINT('Ctrl Pts',(-2.82313363635733,0.594451229274753,-2.54));
#882=CARTESIAN_POINT('Ctrl Pts',(-2.82084774792252,0.610549358873384,-2.54));
#883=CARTESIAN_POINT('Ctrl Pts',(-2.81843268398008,0.626629788364175,-2.54));
#884=CARTESIAN_POINT('Ctrl Pts',(-2.81589016817042,0.642683141181751,-2.54));
#885=CARTESIAN_POINT('Ctrl Pts',(-2.80031376097138,0.741032012581887,-2.54));
#886=CARTESIAN_POINT('Ctrl Pts',(-2.77994577151346,0.838450870084684,-2.54));
#887=CARTESIAN_POINT('Ctrl Pts',(-2.75490675301845,0.9345352057935,-2.54));
#888=CARTESIAN_POINT('Ctrl Pts',(-2.7318987263297,1.02282584549249,-2.54));
#889=CARTESIAN_POINT('Ctrl Pts',(-2.70494607315175,1.10999040512891,-2.54));
#890=CARTESIAN_POINT('Ctrl Pts',(-2.67410420346945,1.19571546554572,-2.54));
#891=CARTESIAN_POINT('Ctrl Pts',(-2.65097280120772,1.26000926085832,-2.54));
#892=CARTESIAN_POINT('Ctrl Pts',(-2.62565296278146,1.32349340227885,-2.54));
#893=CARTESIAN_POINT('Ctrl Pts',(-2.59815487811331,1.3860324519816,-2.54));
#894=CARTESIAN_POINT('Ctrl Pts',(-2.59066237621906,1.40307269147525,-2.54));
#895=CARTESIAN_POINT('Ctrl Pts',(-2.58300809321211,1.420042741122,-2.54));
#896=CARTESIAN_POINT('Ctrl Pts',(-2.57519209173108,1.43693979944292,-2.54));
#897=CARTESIAN_POINT('Ctrl Pts',(-2.56827884243261,1.45188523885549,-2.54));
#898=CARTESIAN_POINT('Ctrl Pts',(-2.56124226889934,1.46676658257989,-2.54));
#899=CARTESIAN_POINT('Ctrl Pts',(-2.55408549684608,1.48157654725339,-2.54));
#900=CARTESIAN_POINT('Ctrl Pts',(-2.51012371217227,1.57254947096226,-2.54));
#901=CARTESIAN_POINT('Ctrl Pts',(-2.46160031199046,1.66089535608618,-2.54));
#902=CARTESIAN_POINT('Ctrl Pts',(-2.40861819512263,1.74620620654302,-2.54));
#903=CARTESIAN_POINT('Ctrl Pts',(-2.37261019657098,1.80418563736406,-2.54));
#904=CARTESIAN_POINT('Ctrl Pts',(-2.33454167371005,1.86076324085461,-2.54));
#905=CARTESIAN_POINT('Ctrl Pts',(-2.29443152596908,1.91580778209134,-2.54));
#906=CARTESIAN_POINT('Ctrl Pts',(-2.23689265505406,1.99477036216587,-2.54));
#907=CARTESIAN_POINT('Ctrl Pts',(-2.17515437910763,2.07057973803311,-2.54));
#908=CARTESIAN_POINT('Ctrl Pts',(-2.10957540454933,2.1431355241225,-2.54));
#909=CARTESIAN_POINT('Ctrl Pts',(-2.07182079956031,2.18490676348578,-2.54));
#910=CARTESIAN_POINT('Ctrl Pts',(-2.03279235705852,2.22559911573639,-2.54));
#911=CARTESIAN_POINT('Ctrl Pts',(-1.99255239790259,2.26518880154306,-2.54));
#912=CARTESIAN_POINT('Ctrl Pts',(-1.96753677329362,2.28980017638788,-2.54));
#913=CARTESIAN_POINT('Ctrl Pts',(-1.94205285926071,2.31398534192384,-2.54));
#914=CARTESIAN_POINT('Ctrl Pts',(-1.91611489201163,2.33773784389279,-2.54));
#915=CARTESIAN_POINT('Ctrl Pts',(-1.9053938065412,2.34755559874228,-2.54));
#916=CARTESIAN_POINT('Ctrl Pts',(-1.89459320550658,2.35730114338028,-2.54));
#917=CARTESIAN_POINT('Ctrl Pts',(-1.88372051884158,2.3669682739576,-2.54));
#918=CARTESIAN_POINT('Ctrl Pts',(-1.80880676239688,2.43357564414142,-2.54));
#919=CARTESIAN_POINT('Ctrl Pts',(-1.73063022271143,2.49632713713431,-2.54));
#920=CARTESIAN_POINT('Ctrl Pts',(-1.64959963405931,2.55514437925099,-2.54));
#921=CARTESIAN_POINT('Ctrl Pts',(-1.56706219367503,2.61505539181459,-2.54));
#922=CARTESIAN_POINT('Ctrl Pts',(-1.48156295426746,2.67088497791058,-2.54));
#923=CARTESIAN_POINT('Ctrl Pts',(-1.39348839484143,2.722518423113,-2.54));
#924=CARTESIAN_POINT('Ctrl Pts',(-1.30476092643538,2.77453463423854,-2.54));
#925=CARTESIAN_POINT('Ctrl Pts',(-1.21341906585108,2.82229275880831,-2.54));
#926=CARTESIAN_POINT('Ctrl Pts',(-1.11982268987592,2.86563589355009,-2.54));
#927=CARTESIAN_POINT('Ctrl Pts',(-1.06359704035697,2.89167318268285,-2.54));
#928=CARTESIAN_POINT('Ctrl Pts',(-1.00655717731487,2.91611644019167,-2.54));
#929=CARTESIAN_POINT('Ctrl Pts',(-0.948776810606334,2.93892369239054,-2.54));
#930=CARTESIAN_POINT('Ctrl Pts',(-0.925693402565324,2.94803524946072,-2.54));
#931=CARTESIAN_POINT('Ctrl Pts',(-0.902491779634637,2.95688562512314,-2.54));
#932=CARTESIAN_POINT('Ctrl Pts',(-0.879176540815939,2.96547185073345,-2.54));
#933=CARTESIAN_POINT('Ctrl Pts',(-0.865324718392323,2.97057301539953,-2.54));
#934=CARTESIAN_POINT('Ctrl Pts',(-0.851437555004953,2.97557914943793,-2.54));
#935=CARTESIAN_POINT('Ctrl Pts',(-0.837523293934497,2.9804873642896,-2.54));
#936=CARTESIAN_POINT('Ctrl Pts',(-0.738232100280871,3.01551204212645,-2.54));
#937=CARTESIAN_POINT('Ctrl Pts',(-0.637453527342822,3.04559462134106,-2.54));
#938=CARTESIAN_POINT('Ctrl Pts',(-0.535585440988682,3.07061526587915,-2.54));
#939=CARTESIAN_POINT('Ctrl Pts',(-0.433827003928595,3.09560897856734,-2.54));
#940=CARTESIAN_POINT('Ctrl Pts',(-0.330980559097443,3.11555208364599,-2.54));
#941=CARTESIAN_POINT('Ctrl Pts',(-0.227415203557198,3.13028115357322,-2.54));
#942=CARTESIAN_POINT('Ctrl Pts',(-0.12620659789575,3.14467504641749,-2.54));
#943=CARTESIAN_POINT('Ctrl Pts',(-0.0243106032187994,3.15408975271303,-2.54));
#944=CARTESIAN_POINT('Ctrl Pts',(0.0779422002722463,3.15832597419213,-2.54));
#945=CARTESIAN_POINT('Ctrl Pts',(0.159836164961645,3.16171875131297,-2.54));
#946=CARTESIAN_POINT('Ctrl Pts',(0.241959413590557,3.1617890644506,-2.54));
#947=CARTESIAN_POINT('Ctrl Pts',(0.324143532993034,3.15841035491255,-2.54));
#948=CARTESIAN_POINT('Ctrl Pts',(2.90366249930476,1.28702702974893,-2.54));
#949=CARTESIAN_POINT('Ctrl Pts',(2.93931927845756,1.18805186309352,-2.54));
#950=CARTESIAN_POINT('Ctrl Pts',(2.97000759337245,1.08736121879083,-2.54));
#951=CARTESIAN_POINT('Ctrl Pts',(2.99574286989236,0.985382728708433,-2.54));
#952=CARTESIAN_POINT('Ctrl Pts',(3.02155442188344,0.883101989789698,-2.54));
#953=CARTESIAN_POINT('Ctrl Pts',(3.04238354570906,0.779524778113965,-2.54));
#954=CARTESIAN_POINT('Ctrl Pts',(3.05819386300922,0.675074371338609,-2.54));
#955=CARTESIAN_POINT('Ctrl Pts',(3.06951149864597,0.600304736830289,-2.54));
#956=CARTESIAN_POINT('Ctrl Pts',(3.07825629198329,0.525087449892523,-2.54));
#957=CARTESIAN_POINT('Ctrl Pts',(3.08439854817163,0.44957943574355,-2.54));
#958=CARTESIAN_POINT('Ctrl Pts',(3.08677992044044,0.420304738392366,-2.54));
#959=CARTESIAN_POINT('Ctrl Pts',(3.0887699502747,0.390986373634498,-2.54));
#960=CARTESIAN_POINT('Ctrl Pts',(3.0903663546545,0.361633646422579,-2.54));
#961=CARTESIAN_POINT('Ctrl Pts',(3.09129529817696,0.344553371427709,-2.54));
#962=CARTESIAN_POINT('Ctrl Pts',(3.09209040900986,0.327471358974799,-2.54));
#963=CARTESIAN_POINT('Ctrl Pts',(3.09275163114252,0.310390482900904,-2.54));
#964=CARTESIAN_POINT('Ctrl Pts',(3.09678594801192,0.206174875036207,-2.54));
#965=CARTESIAN_POINT('Ctrl Pts',(3.09584106462948,0.101988118222939,-2.54));
#966=CARTESIAN_POINT('Ctrl Pts',(3.0898873027671,-0.00176021606130273,-2.54));
#967=CARTESIAN_POINT('Ctrl Pts',(3.08401628884077,-0.104066611495834,-2.54));
#968=CARTESIAN_POINT('Ctrl Pts',(3.07327452750116,-0.205947562752488,-2.54));
#969=CARTESIAN_POINT('Ctrl Pts',(3.05758432445226,-0.306999403273288,-2.54));
#970=CARTESIAN_POINT('Ctrl Pts',(3.04702798854982,-0.374986870916181,-2.54));
#971=CARTESIAN_POINT('Ctrl Pts',(3.03423069819001,-0.442598796862944,-2.54));
#972=CARTESIAN_POINT('Ctrl Pts',(3.0191563728644,-0.509706437003894,-2.54));
#973=CARTESIAN_POINT('Ctrl Pts',(3.01535490924346,-0.52662973188926,-2.54));
#974=CARTESIAN_POINT('Ctrl Pts',(3.01140858703676,-0.543520926917468,-2.54));
#975=CARTESIAN_POINT('Ctrl Pts',(3.00731672728718,-0.560377893668937,-2.54));
#976=CARTESIAN_POINT('Ctrl Pts',(3.00363207601313,-0.575557310320199,-2.54));
#977=CARTESIAN_POINT('Ctrl Pts',(2.99983161289,-0.590699866047071,-2.54));
#978=CARTESIAN_POINT('Ctrl Pts',(2.99591569578783,-0.605802442030488,-2.54));
#979=CARTESIAN_POINT('Ctrl Pts',(2.97081452880022,-0.702610487709525,-2.54));
#980=CARTESIAN_POINT('Ctrl Pts',(2.94096773760061,-0.797800549914727,-2.54));
#981=CARTESIAN_POINT('Ctrl Pts',(2.90633037239765,-0.891002776251971,-2.54));
#982=CARTESIAN_POINT('Ctrl Pts',(2.88098548598728,-0.959200799567809,-2.54));
#983=CARTESIAN_POINT('Ctrl Pts',(2.85307464759553,-1.02633435170841,-2.54));
#984=CARTESIAN_POINT('Ctrl Pts',(2.82256401075443,-1.09225132677597,-2.54));
#985=CARTESIAN_POINT('Ctrl Pts',(2.78031621676978,-1.18352594674702,-2.54));
#986=CARTESIAN_POINT('Ctrl Pts',(2.73308483124721,-1.27246951132083,-2.54));
#987=CARTESIAN_POINT('Ctrl Pts',(2.6811906457167,-1.35884369892466,-2.54));
#988=CARTESIAN_POINT('Ctrl Pts',(2.65381154627204,-1.40441426617956,-2.54));
#989=CARTESIAN_POINT('Ctrl Pts',(2.62513384575102,-1.44926906623739,-2.54));
#990=CARTESIAN_POINT('Ctrl Pts',(2.59520073884698,-1.49336886132132,-2.54));
#991=CARTESIAN_POINT('Ctrl Pts',(2.57350230392099,-1.52533669335914,-2.54));
#992=CARTESIAN_POINT('Ctrl Pts',(2.55114412743244,-1.55690772658173,-2.54));
#993=CARTESIAN_POINT('Ctrl Pts',(2.5281419605958,-1.58806592273274,-2.54));
#994=CARTESIAN_POINT('Ctrl Pts',(2.51652469234272,-1.60380240206268,-2.54));
#995=CARTESIAN_POINT('Ctrl Pts',(2.50474042088614,-1.61943694043608,-2.54));
#996=CARTESIAN_POINT('Ctrl Pts',(2.49280866646652,-1.63494507855829,-2.54));
#997=CARTESIAN_POINT('Ctrl Pts',(2.43209505035594,-1.71385678855737,-2.54));
#998=CARTESIAN_POINT('Ctrl Pts',(2.36748956555989,-1.78960611876845,-2.54));
#999=CARTESIAN_POINT('Ctrl Pts',(2.29933517259244,-1.8619922973532,-2.54));
#1000=CARTESIAN_POINT('Ctrl Pts',(2.23079567395411,-1.93478749326835,-2.54));
#1001=CARTESIAN_POINT('Ctrl Pts',(2.1586662643122,-2.00418197886422,-2.54));
#1002=CARTESIAN_POINT('Ctrl Pts',(2.08325901512519,-2.06993342281232,-2.54));
#1003=CARTESIAN_POINT('Ctrl Pts',(2.00855118937586,-2.13507500363115,-2.54));
#1004=CARTESIAN_POINT('Ctrl Pts',(1.93062523819809,-2.19664124979649,-2.54));
#1005=CARTESIAN_POINT('Ctrl Pts',(1.84976068511094,-2.25435190733508,-2.54));
#1006=CARTESIAN_POINT('Ctrl Pts',(1.80446901453647,-2.28667524296345,-2.54));
#1007=CARTESIAN_POINT('Ctrl Pts',(1.75825513005488,-2.31778822524322,-2.54));
#1008=CARTESIAN_POINT('Ctrl Pts',(1.71116623112638,-2.34763462268865,-2.54));
#1009=CARTESIAN_POINT('Ctrl Pts',(1.69802133161355,-2.35596626569088,-2.54));
#1010=CARTESIAN_POINT('Ctrl Pts',(1.68480824120724,-2.36419917786177,-2.54));
#1011=CARTESIAN_POINT('Ctrl Pts',(1.67152797629244,-2.37233206016805,-2.54));
#1012=CARTESIAN_POINT('Ctrl Pts',(1.65843047411121,-2.38035301791471,-2.54));
#1013=CARTESIAN_POINT('Ctrl Pts',(1.6452742248092,-2.38827260705762,-2.54));
#1014=CARTESIAN_POINT('Ctrl Pts',(1.63206565004089,-2.39608684579181,-2.54));
#1015=CARTESIAN_POINT('Ctrl Pts',(1.5477567125078,-2.44596430621925,-2.54));
#1016=CARTESIAN_POINT('Ctrl Pts',(1.46125051545558,-2.49159469554409,-2.54));
#1017=CARTESIAN_POINT('Ctrl Pts',(1.37283908960593,-2.53275310756564,-2.54));
#1018=CARTESIAN_POINT('Ctrl Pts',(1.28557343427801,-2.57337812591367,-2.54));
#1019=CARTESIAN_POINT('Ctrl Pts',(1.1964508451669,-2.60964667137705,-2.54));
#1020=CARTESIAN_POINT('Ctrl Pts',(1.10573522001686,-2.64129542315246,-2.54));
#1021=CARTESIAN_POINT('Ctrl Pts',(1.01786331904884,-2.67195206005675,-2.54));
#1022=CARTESIAN_POINT('Ctrl Pts',(0.928496038081588,-2.69827414440526,-2.54));
#1023=CARTESIAN_POINT('Ctrl Pts',(0.837867602694216,-2.71997463125858,-2.54));
#1024=CARTESIAN_POINT('Ctrl Pts',(0.769164736712888,-2.73642515954631,-2.54));
#1025=CARTESIAN_POINT('Ctrl Pts',(0.699736946058288,-2.75021886597204,-2.54));
#1026=CARTESIAN_POINT('Ctrl Pts',(0.629687334854061,-2.76121065301516,-2.54));
#1027=CARTESIAN_POINT('Ctrl Pts',(-2.71980152807052,-1.63807956092042,-0.762));
#1028=CARTESIAN_POINT('Ctrl Pts',(-3.25359219942255,-0.751794963854049,
-0.79859210013528));
#1029=CARTESIAN_POINT('Ctrl Pts',(-3.38082957912683,1.5679526013358,-0.871776300405841));
#1030=CARTESIAN_POINT('Ctrl Pts',(-0.584982416280652,3.6837083403907,-0.98155260081168));
#1031=CARTESIAN_POINT('Ctrl Pts',(2.72497121373653,2.54229504875615,-1.09132890121752));
#1032=CARTESIAN_POINT('Ctrl Pts',(3.63247959425604,-0.837179469179396,-1.20110520162336));
#1033=CARTESIAN_POINT('Ctrl Pts',(1.33585808499119,-3.48042313375314,-1.3108815020292));
#1034=CARTESIAN_POINT('Ctrl Pts',(-2.13870387884355,-3.05298090365065,-1.42065780243504));
#1035=CARTESIAN_POINT('Ctrl Pts',(-3.72714410304837,0.0664817170665527,
-1.53043410284088));
#1036=CARTESIAN_POINT('Ctrl Pts',(-2.02833086095325,3.12762237087711,-1.64021040324672));
#1037=CARTESIAN_POINT('Ctrl Pts',(1.45932803187254,3.43014786402026,-1.74998670365256));
#1038=CARTESIAN_POINT('Ctrl Pts',(3.65998419085375,0.707575790291743,-1.8597630040584));
#1039=CARTESIAN_POINT('Ctrl Pts',(2.63259525430649,-2.63921677976541,-1.96953930446424));
#1040=CARTESIAN_POINT('Ctrl Pts',(-0.716455041617941,-3.65806490548981,
-2.07931560487008));
#1041=CARTESIAN_POINT('Ctrl Pts',(-3.43395348596942,-1.4511462605123,-2.18909190527592));
#1042=CARTESIAN_POINT('Ctrl Pts',(-3.12221716030216,2.0365503848952,-2.29886820568176));
#1043=CARTESIAN_POINT('Ctrl Pts',(-0.0580463885944608,3.72630686436234,
-2.4086445060876));
#1044=CARTESIAN_POINT('Ctrl Pts',(3.05969911885139,2.13310873293453,-2.51842080649344));
#1045=CARTESIAN_POINT('Ctrl Pts',(3.47420813248818,-1.34846648281948,-2.62819710689928));
#1046=CARTESIAN_POINT('Ctrl Pts',(1.71464760393315,-2.86549148701333,-2.70138130716984));
#1047=CARTESIAN_POINT('Ctrl Pts',(0.70592750544175,-3.09552763790937,-2.73797340730512));
#1048=CARTESIAN_POINT('Ctrl Pts',(-2.62188867305998,-1.57910869672729,-0.696008864231626));
#1049=CARTESIAN_POINT('Ctrl Pts',(-3.13646288024333,-0.724730345155305,
-0.732600964366906));
#1050=CARTESIAN_POINT('Ctrl Pts',(-3.25911971427826,1.51150630768771,-0.805785164637466));
#1051=CARTESIAN_POINT('Ctrl Pts',(-0.563923049294547,3.55109484013664,-0.915561465043306));
#1052=CARTESIAN_POINT('Ctrl Pts',(2.62687225004201,2.45077242700093,-1.02533776544915));
#1053=CARTESIAN_POINT('Ctrl Pts',(3.50171032886283,-0.807041008288939,-1.13511406585499));
#1054=CARTESIAN_POINT('Ctrl Pts',(1.2877671939315,-3.35512790093802,-1.24489036626083));
#1055=CARTESIAN_POINT('Ctrl Pts',(-2.06171053920518,-2.94307359111923,-1.35466666666667));
#1056=CARTESIAN_POINT('Ctrl Pts',(-3.59296691533863,0.0640883752521547,
-1.46444296707251));
#1057=CARTESIAN_POINT('Ctrl Pts',(-1.95531094995894,3.01502796552554,-1.57421926747835));
#1058=CARTESIAN_POINT('Ctrl Pts',(1.40679222272513,3.30666254091553,-1.68399556788419));
#1059=CARTESIAN_POINT('Ctrl Pts',(3.52822475998301,0.682103061841242,-1.79377186829003));
#1060=CARTESIAN_POINT('Ctrl Pts',(2.53782182515146,-2.54420497569386,-1.90354816869587));
#1061=CARTESIAN_POINT('Ctrl Pts',(-0.6906626601197,-3.52637456889218,-2.01332446910171));
#1062=CARTESIAN_POINT('Ctrl Pts',(-3.31033116047451,-1.39890499513386,-2.12310076950755));
#1063=CARTESIAN_POINT('Ctrl Pts',(-3.00981734253129,1.96323457103897,-2.23287706991339));
#1064=CARTESIAN_POINT('Ctrl Pts',(-0.0559567186050585,3.59215981724529,
-2.34265337031923));
#1065=CARTESIAN_POINT('Ctrl Pts',(2.94954995057274,2.05631681854889,-2.45242967072507));
#1066=CARTESIAN_POINT('Ctrl Pts',(3.34913663971861,-1.29992168943798,-2.56220597113091));
#1067=CARTESIAN_POINT('Ctrl Pts',(1.65292029019155,-2.76233379348085,-2.63539017140147));
#1068=CARTESIAN_POINT('Ctrl Pts',(0.680514115245847,-2.98408864294464,-2.67198227153675));
#1069=CARTESIAN_POINT('Ctrl Pts',(-2.52397581804945,-1.52013783253415,-0.630017728463252));
#1070=CARTESIAN_POINT('Ctrl Pts',(-3.01933356106412,-0.697665726456557,
-0.666609828598532));
#1071=CARTESIAN_POINT('Ctrl Pts',(-3.13740984942969,1.45506001403962,-0.739794028869092));
#1072=CARTESIAN_POINT('Ctrl Pts',(-0.542863682308445,3.41848133988257,-0.849570329274932));
#1073=CARTESIAN_POINT('Ctrl Pts',(2.5287732863475,2.35924980524571,-0.959346629680772));
#1074=CARTESIAN_POINT('Ctrl Pts',(3.37094106346961,-0.776902547398482,-1.06912293008661));
#1075=CARTESIAN_POINT('Ctrl Pts',(1.23967630287182,-3.22983266812291,-1.17889923049245));
#1076=CARTESIAN_POINT('Ctrl Pts',(-1.98471719956681,-2.8331662785878,-1.28867553089829));
#1077=CARTESIAN_POINT('Ctrl Pts',(-3.45878972762889,0.0616950334377596,
-1.39845183130413));
#1078=CARTESIAN_POINT('Ctrl Pts',(-1.88229103896461,2.90243356017396,-1.50822813170997));
#1079=CARTESIAN_POINT('Ctrl Pts',(1.35425641357772,3.1831772178108,-1.61800443211581));
#1080=CARTESIAN_POINT('Ctrl Pts',(3.39646532911228,0.656630333390738,-1.72778073252165));
#1081=CARTESIAN_POINT('Ctrl Pts',(2.44304839599642,-2.4491931716223,-1.83755703292749));
#1082=CARTESIAN_POINT('Ctrl Pts',(-0.664870278621451,-3.39468423229455,
-1.94733333333333));
#1083=CARTESIAN_POINT('Ctrl Pts',(-3.18670883497961,-1.34666372975541,-2.05710963373917));
#1084=CARTESIAN_POINT('Ctrl Pts',(-2.89741752476041,1.88991875718274,-2.16688593414502));
#1085=CARTESIAN_POINT('Ctrl Pts',(-0.0538670486156582,3.45801277012825,
-2.27666223455085));
#1086=CARTESIAN_POINT('Ctrl Pts',(2.83940078229409,1.97952490416325,-2.3864385349567));
#1087=CARTESIAN_POINT('Ctrl Pts',(3.22406514694903,-1.25137689605648,-2.49621483536253));
#1088=CARTESIAN_POINT('Ctrl Pts',(1.59119297644996,-2.65917609994837,-2.56939903563309));
#1089=CARTESIAN_POINT('Ctrl Pts',(0.655100725049944,-2.8726496479799,-2.60599113576837));
#1090=CARTESIAN_POINT('Ctrl Pts',(-2.42606296303891,-1.46116696834102,-0.564026592694878));
#1091=CARTESIAN_POINT('Ctrl Pts',(-2.90220424188491,-0.670601107757812,
-0.600618692830158));
#1092=CARTESIAN_POINT('Ctrl Pts',(-3.01569998458113,1.39861372039153,-0.673802893100718));
#1093=CARTESIAN_POINT('Ctrl Pts',(-0.521804315322341,3.2858678396285,-0.783579193506557));
#1094=CARTESIAN_POINT('Ctrl Pts',(2.43067432265298,2.26772718349049,-0.893355493912399));
#1095=CARTESIAN_POINT('Ctrl Pts',(3.24017179807639,-0.746764086508027,-1.00313179431824));
#1096=CARTESIAN_POINT('Ctrl Pts',(1.19158541181214,-3.10453743530779,-1.11290809472408));
#1097=CARTESIAN_POINT('Ctrl Pts',(-1.90772385992844,-2.72325896605638,-1.22268439512992));
#1098=CARTESIAN_POINT('Ctrl Pts',(-3.32461253991915,0.0593016916233656,
-1.33246069553576));
#1099=CARTESIAN_POINT('Ctrl Pts',(-1.8092711279703,2.78983915482238,-1.4422369959416));
#1100=CARTESIAN_POINT('Ctrl Pts',(1.30172060443031,3.05969189470607,-1.55201329634744));
#1101=CARTESIAN_POINT('Ctrl Pts',(3.26470589824154,0.631157604940235,-1.66178959675328));
#1102=CARTESIAN_POINT('Ctrl Pts',(2.34827496684139,-2.35418136755075,-1.77156589715912));
#1103=CARTESIAN_POINT('Ctrl Pts',(-0.639077897123205,-3.26299389569691,
-1.88134219756496));
#1104=CARTESIAN_POINT('Ctrl Pts',(-3.06308650948472,-1.29442246437697,-1.9911184979708));
#1105=CARTESIAN_POINT('Ctrl Pts',(-2.78501770698953,1.81660294332652,-2.10089479837664));
#1106=CARTESIAN_POINT('Ctrl Pts',(-0.0517773786262602,3.32386572301121,
-2.21067109878248));
#1107=CARTESIAN_POINT('Ctrl Pts',(2.72925161401544,1.9027329897776,-2.32044739918832));
#1108=CARTESIAN_POINT('Ctrl Pts',(3.09899365417946,-1.20283210267497,-2.43022369959416));
#1109=CARTESIAN_POINT('Ctrl Pts',(1.52946566270837,-2.55601840641589,-2.50340789986472));
#1110=CARTESIAN_POINT('Ctrl Pts',(0.629687334854041,-2.76121065301516,-2.54));
#1111=CARTESIAN_POINT('Ctrl Pts',(-2.83631878919574,0.000267741018197571,
-1.33045527850532));
#1112=CARTESIAN_POINT('Ctrl Pts',(-2.8363439487598,0.0170567788072329,-1.3311237508488));
#1113=CARTESIAN_POINT('Ctrl Pts',(-2.83620728387094,0.0338454158068622,
-1.33179222319228));
#1114=CARTESIAN_POINT('Ctrl Pts',(-2.83590752459589,0.0506311592099104,
-1.33246069553576));
#1115=CARTESIAN_POINT('Ctrl Pts',(-2.8194987359362,0.96948084602304,-1.36905279567104));
#1116=CARTESIAN_POINT('Ctrl Pts',(-2.31438493195325,1.87966000042271,-1.40564489580632));
#1117=CARTESIAN_POINT('Ctrl Pts',(-1.543329407895,2.37972503426983,-1.4422369959416));
#1118=CARTESIAN_POINT('Ctrl Pts',(-0.77227388383676,2.87979006811695,-1.47882909607688));
#1119=CARTESIAN_POINT('Ctrl Pts',(0.264723360296779,2.96974098141151,-1.51542119621216));
#1120=CARTESIAN_POINT('Ctrl Pts',(1.11038619799875,2.60996072309782,-1.55201329634744));
#1121=CARTESIAN_POINT('Ctrl Pts',(1.95604903570072,2.25018046478412,-1.58860539648272));
#1122=CARTESIAN_POINT('Ctrl Pts',(2.61037746697113,1.44066903486218,-1.625197496618));
#1123=CARTESIAN_POINT('Ctrl Pts',(2.78480319403964,0.538356824486047,-1.66178959675328));
#1124=CARTESIAN_POINT('Ctrl Pts',(2.95922892110816,-0.363955385890091,-1.69838169688856));
#1125=CARTESIAN_POINT('Ctrl Pts',(2.65375194397477,-1.35906837672042,-1.73497379702384));
#1126=CARTESIAN_POINT('Ctrl Pts',(2.00312131141398,-2.00809362682661,-1.77156589715912));
#1127=CARTESIAN_POINT('Ctrl Pts',(1.35249067885319,-2.6571188769328,-1.8081579972944));
#1128=CARTESIAN_POINT('Ctrl Pts',(0.356706390864992,-2.96005638631486,-1.84475009742968));
#1129=CARTESIAN_POINT('Ctrl Pts',(-0.545187188522691,-2.78342990245256,
-1.88134219756496));
#1130=CARTESIAN_POINT('Ctrl Pts',(-1.44708076791037,-2.60680341859027,-1.91793429770024));
#1131=CARTESIAN_POINT('Ctrl Pts',(-2.25508363869755,-1.95061294148362,-1.95452639783552));
#1132=CARTESIAN_POINT('Ctrl Pts',(-2.61274027367527,-1.10401346831305,-1.9911184979708));
#1133=CARTESIAN_POINT('Ctrl Pts',(-2.75900173268697,-0.757801873071198,
-2.00608261000082));
#1134=CARTESIAN_POINT('Ctrl Pts',(-2.82994952926323,-0.379747225275673,
-2.02104672203085));
#1135=CARTESIAN_POINT('Ctrl Pts',(-2.8283979676356,-0.00115169046880683,
-2.03601083406088));
#1136=CARTESIAN_POINT('Ctrl Pts',(-2.71980152807052,-1.63807956092042,-0.762));
#1137=CARTESIAN_POINT('Ctrl Pts',(-2.76739383738821,-1.54686631011052,-0.762));
#1138=CARTESIAN_POINT('Ctrl Pts',(-2.81009295781024,-1.45338755727591,-0.762));
#1139=CARTESIAN_POINT('Ctrl Pts',(-2.84795984913901,-1.3580396974017,-0.762));
#1140=CARTESIAN_POINT('Ctrl Pts',(-2.88657826176518,-1.26079952620109,-0.762));
#1141=CARTESIAN_POINT('Ctrl Pts',(-2.92017083937506,-1.16161444515026,-0.762));
#1142=CARTESIAN_POINT('Ctrl Pts',(-2.94875064999918,-1.060890016965,-0.762));
#1143=CARTESIAN_POINT('Ctrl Pts',(-2.97601295694145,-0.964808894739027,
-0.762));
#1144=CARTESIAN_POINT('Ctrl Pts',(-2.99871361959329,-0.867326277790646,
-0.762));
#1145=CARTESIAN_POINT('Ctrl Pts',(-3.01682053242401,-0.768793178488,-0.762));
#1146=CARTESIAN_POINT('Ctrl Pts',(-3.02047083164544,-0.748929201727752,
-0.762));
#1147=CARTESIAN_POINT('Ctrl Pts',(-3.02393444828775,-0.729020992983497,
-0.762));
#1148=CARTESIAN_POINT('Ctrl Pts',(-3.02720778835646,-0.709092411095736,
-0.762));
#1149=CARTESIAN_POINT('Ctrl Pts',(-3.04407774557788,-0.606385598826565,
-0.762));
#1150=CARTESIAN_POINT('Ctrl Pts',(-3.05592220809725,-0.503012458270315,
-0.762));
#1151=CARTESIAN_POINT('Ctrl Pts',(-3.06276162840112,-0.399372996976074,
-0.762));
#1152=CARTESIAN_POINT('Ctrl Pts',(-3.06957408722131,-0.29614208984578,-0.762));
#1153=CARTESIAN_POINT('Ctrl Pts',(-3.0714207809609,-0.192646033684233,-0.762));
#1154=CARTESIAN_POINT('Ctrl Pts',(-3.06827072144461,-0.0892838275748136,
-0.762));
#1155=CARTESIAN_POINT('Ctrl Pts',(-3.06647310595233,-0.0302990680621164,
-0.762));
#1156=CARTESIAN_POINT('Ctrl Pts',(-3.06304735033059,0.0286419594921798,
-0.762000000000001));
#1157=CARTESIAN_POINT('Ctrl Pts',(-3.05798036137224,0.0874628183583426,
-0.762000000000001));
#1158=CARTESIAN_POINT('Ctrl Pts',(-3.05557426882852,0.11539428438219,-0.762000000000001));
#1159=CARTESIAN_POINT('Ctrl Pts',(-3.05279801967184,0.143298621671409,-0.762));
#1160=CARTESIAN_POINT('Ctrl Pts',(-3.04964979518488,0.171167444842857,-0.762));
#1161=CARTESIAN_POINT('Ctrl Pts',(-3.04806131915982,0.185229007999479,-0.762));
#1162=CARTESIAN_POINT('Ctrl Pts',(-3.04637837993159,0.199279058717046,-0.762000000000001));
#1163=CARTESIAN_POINT('Ctrl Pts',(-3.04460201926754,0.213307955510503,-0.762000000000001));
#1164=CARTESIAN_POINT('Ctrl Pts',(-3.03184136503461,0.314085857697762,-0.762000000000001));
#1165=CARTESIAN_POINT('Ctrl Pts',(-3.01424966678502,0.413901466853459,-0.762));
#1166=CARTESIAN_POINT('Ctrl Pts',(-2.9918279403958,0.512382280528202,-0.762));
#1167=CARTESIAN_POINT('Ctrl Pts',(-2.96969356867847,0.609600973641397,-0.762));
#1168=CARTESIAN_POINT('Ctrl Pts',(-2.94285199221759,0.70551967008173,-0.762));
#1169=CARTESIAN_POINT('Ctrl Pts',(-2.91125651589781,0.799764818013718,-0.762));
#1170=CARTESIAN_POINT('Ctrl Pts',(-2.88063141803638,0.891115454705204,-0.762));
#1171=CARTESIAN_POINT('Ctrl Pts',(-2.84553966727278,0.98089436081334,-0.762));
#1172=CARTESIAN_POINT('Ctrl Pts',(-2.80589724686506,1.06873691315299,-0.762));
#1173=CARTESIAN_POINT('Ctrl Pts',(-2.77656955355752,1.13372334455329,-0.762));
#1174=CARTESIAN_POINT('Ctrl Pts',(-2.74475037603832,1.19764953844832,-0.762));
#1175=CARTESIAN_POINT('Ctrl Pts',(-2.71039155941206,1.26035596602185,-0.762));
#1176=CARTESIAN_POINT('Ctrl Pts',(-2.70068350999504,1.27807360467833,-0.762));
#1177=CARTESIAN_POINT('Ctrl Pts',(-2.6907700406257,1.29569806205751,-0.762));
#1178=CARTESIAN_POINT('Ctrl Pts',(-2.68066913542492,1.3132010004133,-0.762));
#1179=CARTESIAN_POINT('Ctrl Pts',(-2.63172392856482,1.39801369011345,-0.762000000000001));
#1180=CARTESIAN_POINT('Ctrl Pts',(-2.57832565747969,1.48008277707387,-0.762));
#1181=CARTESIAN_POINT('Ctrl Pts',(-2.52085429346412,1.55923292030395,-0.762));
#1182=CARTESIAN_POINT('Ctrl Pts',(-2.46239791576543,1.63973963433129,-0.762));
#1183=CARTESIAN_POINT('Ctrl Pts',(-2.39972688293053,1.71722708046501,-0.762));
#1184=CARTESIAN_POINT('Ctrl Pts',(-2.33319772615567,1.79147689373167,-0.762));
#1185=CARTESIAN_POINT('Ctrl Pts',(-2.26656416255292,1.86584323015674,-0.762));
#1186=CARTESIAN_POINT('Ctrl Pts',(-2.19605949927269,1.93696228651965,-0.762));
#1187=CARTESIAN_POINT('Ctrl Pts',(-2.12201115198593,2.00457271571516,-0.762));
#1188=CARTESIAN_POINT('Ctrl Pts',(-2.08081409861074,2.04218801115856,-0.762));
#1189=CARTESIAN_POINT('Ctrl Pts',(-2.03851969734752,2.0787164928297,-0.762));
#1190=CARTESIAN_POINT('Ctrl Pts',(-1.99518169830088,2.1141066300246,-0.762));
#1191=CARTESIAN_POINT('Ctrl Pts',(-1.98218039563728,2.12472359193099,-0.762));
#1192=CARTESIAN_POINT('Ctrl Pts',(-1.96908516138592,2.1352380702857,-0.762));
#1193=CARTESIAN_POINT('Ctrl Pts',(-1.95589742601334,2.1456485843767,-0.762));
#1194=CARTESIAN_POINT('Ctrl Pts',(-1.94418177282071,2.15489702387001,-0.762));
#1195=CARTESIAN_POINT('Ctrl Pts',(-1.93239985405551,2.16405807056396,-0.762));
#1196=CARTESIAN_POINT('Ctrl Pts',(-1.92055599996585,2.17312865473124,-0.762));
#1197=CARTESIAN_POINT('Ctrl Pts',(-1.84212235086053,2.23319685638005,-0.762));
#1198=CARTESIAN_POINT('Ctrl Pts',(-1.76093148101039,2.28933571940586,-0.762));
#1199=CARTESIAN_POINT('Ctrl Pts',(-1.67732639758161,2.34133759114402,-0.762));
#1200=CARTESIAN_POINT('Ctrl Pts',(-1.59424922968721,2.39301110251482,-0.762));
#1201=CARTESIAN_POINT('Ctrl Pts',(-1.50878737454214,2.44060012014015,-0.762));
#1202=CARTESIAN_POINT('Ctrl Pts',(-1.42125442242572,2.48385534578526,-0.762));
#1203=CARTESIAN_POINT('Ctrl Pts',(-1.33611326377223,2.5259286443568,-0.762));
#1204=CARTESIAN_POINT('Ctrl Pts',(-1.24901186331261,2.56390195335336,-0.762));
#1205=CARTESIAN_POINT('Ctrl Pts',(-1.16022914363618,2.5974983730766,-0.762));
#1206=CARTESIAN_POINT('Ctrl Pts',(-1.09730765700973,2.62130859968394,-0.762));
#1207=CARTESIAN_POINT('Ctrl Pts',(-1.03354147149193,2.64291946306951,-0.762));
#1208=CARTESIAN_POINT('Ctrl Pts',(-0.969029929275031,2.66221643391743,-0.762));
#1209=CARTESIAN_POINT('Origin',(0.,0.,-0.762));
#1210=CARTESIAN_POINT('Ctrl Pts',(2.76652592374714,0.605908180531524,-0.762));
#1211=CARTESIAN_POINT('Ctrl Pts',(2.79271554139797,0.516243212563781,-0.762));
#1212=CARTESIAN_POINT('Ctrl Pts',(2.8140604675101,0.425440384447214,-0.762));
#1213=CARTESIAN_POINT('Ctrl Pts',(2.83074110498608,0.333846429581317,-0.762));
#1214=CARTESIAN_POINT('Ctrl Pts',(2.84784676078158,0.239918684485135,-0.762));
#1215=CARTESIAN_POINT('Ctrl Pts',(2.8600475156375,0.145158311195483,-0.762));
#1216=CARTESIAN_POINT('Ctrl Pts',(2.86748801104911,0.0499170842212642,-0.762));
#1217=CARTESIAN_POINT('Ctrl Pts',(2.87164390058104,-0.00327991359861614,
-0.762));
#1218=CARTESIAN_POINT('Ctrl Pts',(2.87431379802443,-0.0566272628007077,
-0.762));
#1219=CARTESIAN_POINT('Ctrl Pts',(2.87551622120976,-0.110065315157098,-0.762));
#1220=CARTESIAN_POINT('Ctrl Pts',(2.87622620428272,-0.141618359948335,-0.762));
#1221=CARTESIAN_POINT('Ctrl Pts',(2.87642447234897,-0.173203044067333,-0.762000000000001));
#1222=CARTESIAN_POINT('Ctrl Pts',(2.87611406647244,-0.204807162327381,-0.762000000000001));
#1223=CARTESIAN_POINT('Ctrl Pts',(2.87587530044244,-0.229117236391864,-0.762000000000001));
#1224=CARTESIAN_POINT('Ctrl Pts',(2.87533520308758,-0.253445112033151,-0.762000000000001));
#1225=CARTESIAN_POINT('Ctrl Pts',(2.8744965285329,-0.277750333493661,-0.762000000000001));
#1226=CARTESIAN_POINT('Ctrl Pts',(2.87109777989711,-0.376247823157874,-0.762000000000001));
#1227=CARTESIAN_POINT('Ctrl Pts',(2.86280131234328,-0.474458375558096,-0.762000000000001));
#1228=CARTESIAN_POINT('Ctrl Pts',(2.84976619914585,-0.572007853302536,-0.762000000000001));
#1229=CARTESIAN_POINT('Ctrl Pts',(2.83658345884789,-0.670662112136343,-0.762000000000001));
#1230=CARTESIAN_POINT('Ctrl Pts',(2.81855410069428,-0.768641136776216,-0.762));
#1231=CARTESIAN_POINT('Ctrl Pts',(2.79578956629756,-0.865564929889435,-0.762));
#1232=CARTESIAN_POINT('Ctrl Pts',(2.78261325783024,-0.92166525566928,-0.762));
#1233=CARTESIAN_POINT('Ctrl Pts',(2.76784959294024,-0.977412117968549,-0.762));
#1234=CARTESIAN_POINT('Ctrl Pts',(2.75151226069485,-1.03273104213485,-0.762));
#1235=CARTESIAN_POINT('Ctrl Pts',(2.74603883677753,-1.05126429579365,-0.762));
#1236=CARTESIAN_POINT('Ctrl Pts',(2.74038873358431,-1.06974950622421,-0.762));
#1237=CARTESIAN_POINT('Ctrl Pts',(2.7345623230162,-1.08818383473369,-0.762));
#1238=CARTESIAN_POINT('Ctrl Pts',(2.72962993140079,-1.10378955395187,-0.762));
#1239=CARTESIAN_POINT('Ctrl Pts',(2.72457085613072,-1.11935956027897,-0.762));
#1240=CARTESIAN_POINT('Ctrl Pts',(2.71939069106528,-1.13487662675931,-0.762));
#1241=CARTESIAN_POINT('Ctrl Pts',(2.6872985543089,-1.23100789154603,-0.762));
#1242=CARTESIAN_POINT('Ctrl Pts',(2.65051970253766,-1.325248119773,-0.762000000000001));
#1243=CARTESIAN_POINT('Ctrl Pts',(2.60920006056325,-1.41721322174855,-0.762000000000001));
#1244=CARTESIAN_POINT('Ctrl Pts',(2.56794281532409,-1.50903944734848,-0.762000000000001));
#1245=CARTESIAN_POINT('Ctrl Pts',(2.52215831685457,-1.59859836019794,-0.762000000000001));
#1246=CARTESIAN_POINT('Ctrl Pts',(2.47194036375657,-1.68550208903855,-0.762000000000001));
#1247=CARTESIAN_POINT('Ctrl Pts',(2.42287953837453,-1.77040337239788,-0.762000000000001));
#1248=CARTESIAN_POINT('Ctrl Pts',(2.36958690925995,-1.85277124045592,-0.762000000000001));
#1249=CARTESIAN_POINT('Ctrl Pts',(2.31210455350736,-1.93222583608817,-0.762000000000001));
#1250=CARTESIAN_POINT('Ctrl Pts',(2.27333989746232,-1.98580801849104,-0.762000000000001));
#1251=CARTESIAN_POINT('Ctrl Pts',(2.2326689076668,-2.03806491788612,-0.762000000000001));
#1252=CARTESIAN_POINT('Ctrl Pts',(2.19009339150558,-2.08887237814169,-0.762000000000001));
#1253=CARTESIAN_POINT('Ctrl Pts',(2.17734950381161,-2.10408028695625,-0.762000000000001));
#1254=CARTESIAN_POINT('Ctrl Pts',(2.16443186224833,-2.11916160697005,-0.762000000000001));
#1255=CARTESIAN_POINT('Ctrl Pts',(2.15136254956168,-2.13409373867019,-0.762000000000001));
#1256=CARTESIAN_POINT('Ctrl Pts',(2.08631173306754,-2.20841649629189,-0.762000000000001));
#1257=CARTESIAN_POINT('Ctrl Pts',(2.01742801421738,-2.2791438387536,-0.762000000000001));
#1258=CARTESIAN_POINT('Ctrl Pts',(1.945142610327,-2.34622740065485,-0.762000000000001));
#1259=CARTESIAN_POINT('Ctrl Pts',(1.87157457296923,-2.4145012944485,-0.762000000000001));
#1260=CARTESIAN_POINT('Ctrl Pts',(1.79448247011425,-2.47900138129178,-0.762000000000001));
#1261=CARTESIAN_POINT('Ctrl Pts',(1.71427186891442,-2.53964794969209,-0.762000000000001));
#1262=CARTESIAN_POINT('Ctrl Pts',(1.63274603683565,-2.60128895322027,-0.762000000000001));
#1263=CARTESIAN_POINT('Ctrl Pts',(1.54799791462758,-2.6589495185913,-0.762));
#1264=CARTESIAN_POINT('Ctrl Pts',(1.4604129076299,-2.71250950118401,-0.762));
#1265=CARTESIAN_POINT('Ctrl Pts',(1.40804659671389,-2.74453254710534,-0.762));
#1266=CARTESIAN_POINT('Ctrl Pts',(1.35466544827602,-2.77508901173398,-0.762));
#1267=CARTESIAN_POINT('Ctrl Pts',(1.30034669802027,-2.80414602257097,-0.762));
#1268=CARTESIAN_POINT('Ctrl Pts',(1.28459648663413,-2.81257136484739,-0.762));
#1269=CARTESIAN_POINT('Ctrl Pts',(1.26876742510349,-2.82087060179748,-0.762000000000001));
#1270=CARTESIAN_POINT('Ctrl Pts',(1.25286135053884,-2.82904283976959,-0.762000000000001));
#1271=CARTESIAN_POINT('Ctrl Pts',(1.23944292769354,-2.83593696969815,-0.762000000000001));
#1272=CARTESIAN_POINT('Ctrl Pts',(1.22596975296249,-2.84274061418674,-0.762000000000001));
#1273=CARTESIAN_POINT('Ctrl Pts',(1.21245585050841,-2.8494470234509,-0.762000000000001));
#1274=CARTESIAN_POINT('Ctrl Pts',(1.11869254428581,-2.895978002021,-0.762000000000001));
#1275=CARTESIAN_POINT('Ctrl Pts',(1.02281850995842,-2.93791077657929,-0.762));
#1276=CARTESIAN_POINT('Ctrl Pts',(0.925262467511568,-2.97516269263275,-0.762));
#1277=CARTESIAN_POINT('Ctrl Pts',(0.826820950005101,-3.01275272861975,-0.762));
#1278=CARTESIAN_POINT('Ctrl Pts',(0.72666593610767,-3.04557700852318,-0.762000000000001));
#1279=CARTESIAN_POINT('Ctrl Pts',(0.625203382426892,-3.0735096196507,-0.762000000000001));
#1280=CARTESIAN_POINT('Ctrl Pts',(0.524651355927952,-3.10119156291339,-0.762000000000001));
#1281=CARTESIAN_POINT('Ctrl Pts',(0.422814266387237,-3.12406957995447,-0.762));
#1282=CARTESIAN_POINT('Ctrl Pts',(0.320066333221458,-3.14197525101779,-0.762));
#1283=CARTESIAN_POINT('Ctrl Pts',(0.237826348439739,-3.1563070440805,-0.762));
#1284=CARTESIAN_POINT('Ctrl Pts',(0.155002263685975,-3.16745252212465,-0.762));
#1285=CARTESIAN_POINT('Ctrl Pts',(0.0717819043878096,-3.17530153472975,
-0.762));
#1286=CARTESIAN_POINT('Origin',(0.,0.,0.));
#1287=CARTESIAN_POINT('Ctrl Pts',(-2.83449914608313,0.00184497613302415,
-1.84454472149468));
#1288=CARTESIAN_POINT('Ctrl Pts',(-2.82842188739752,-0.79114606179709,-1.81302538221397));
#1289=CARTESIAN_POINT('Ctrl Pts',(-2.47934233420953,-1.58882304089636,-1.78150604293327));
#1290=CARTESIAN_POINT('Ctrl Pts',(-1.88878316333123,-2.11597418741731,-1.74998670365256));
#1291=CARTESIAN_POINT('Ctrl Pts',(-1.20317868018731,-2.72796568153248,-1.71339460351728));
#1292=CARTESIAN_POINT('Ctrl Pts',(-0.192111708437673,-2.9753466484934,-1.676802503382));
#1293=CARTESIAN_POINT('Ctrl Pts',(0.698591494600843,-2.7489859414931,-1.64021040324672));
#1294=CARTESIAN_POINT('Ctrl Pts',(1.58929469763937,-2.52262523449279,-1.60361830311144));
#1295=CARTESIAN_POINT('Ctrl Pts',(2.35963413196677,-1.82252285353126,-1.56702620297616));
#1296=CARTESIAN_POINT('Ctrl Pts',(2.66986455327008,-0.957473370334241,-1.53043410284088));
#1297=CARTESIAN_POINT('Ctrl Pts',(2.98009497457338,-0.0924238871372238,
-1.4938420027056));
#1298=CARTESIAN_POINT('Ctrl Pts',(2.83021638285258,0.937572698295277,-1.45724990257032));
#1299=CARTESIAN_POINT('Ctrl Pts',(2.28639259344985,1.67842642340309,-1.42065780243504));
#1300=CARTESIAN_POINT('Ctrl Pts',(1.74256880404713,2.4192801485109,-1.38406570229976));
#1301=CARTESIAN_POINT('Ctrl Pts',(0.804799816962486,2.87099101329402,-1.34747360216448));
#1302=CARTESIAN_POINT('Ctrl Pts',(-0.113509107492643,2.8341437910146,-1.3108815020292));
#1303=CARTESIAN_POINT('Ctrl Pts',(-1.03181803194777,2.79729656873519,-1.27428940189392));
#1304=CARTESIAN_POINT('Ctrl Pts',(-1.93066689377339,2.27189125939325,-1.23769730175864));
#1305=CARTESIAN_POINT('Ctrl Pts',(-2.41343290054293,1.49004398574772,-1.20110520162336));
#1306=CARTESIAN_POINT('Ctrl Pts',(-2.68660215832235,1.04764200125886,-1.18039985639528));
#1307=CARTESIAN_POINT('Ctrl Pts',(-2.82655120992216,0.523133169678147,-1.1596945111672));
#1308=CARTESIAN_POINT('Ctrl Pts',(-2.82804044919221,-0.000680286385864454,
-1.13898916593912));
#1309=CARTESIAN_POINT('Ctrl Pts',(2.76652592374714,0.605908180531524,-0.762));
#1310=CARTESIAN_POINT('Ctrl Pts',(2.96396940706725,-0.295602201125393,-0.79859210013528));
#1311=CARTESIAN_POINT('Ctrl Pts',(2.40785298944628,-2.29190885556052,-0.871776300405841));
#1312=CARTESIAN_POINT('Ctrl Pts',(-0.559591568796482,-3.27964634673739,
-0.981552600811679));
#1313=CARTESIAN_POINT('Ctrl Pts',(-3.02956521073945,-1.36838176379603,-1.09132890121752));
#1314=CARTESIAN_POINT('Ctrl Pts',(-2.829515755599,1.7464859500513,-1.20110520162336));
#1315=CARTESIAN_POINT('Ctrl Pts',(-0.13296917012216,3.32270187807714,-1.3108815020292));
#1316=CARTESIAN_POINT('Ctrl Pts',(2.68033779113178,1.96756928372777,-1.42065780243504));
#1317=CARTESIAN_POINT('Ctrl Pts',(3.12997356629418,-1.12242047256972,-1.53043410284088));
#1318=CARTESIAN_POINT('Ctrl Pts',(0.818955263311964,-3.22272761545432,-1.64021040324672));
#1319=CARTESIAN_POINT('Ctrl Pts',(-2.21424565193695,-2.48058471457156,-1.74998670365256));
#1320=CARTESIAN_POINT('Ctrl Pts',(-3.29467163555159,0.449221349236736,-1.8597630040584));
#1321=CARTESIAN_POINT('Ctrl Pts',(-1.46920835039433,2.98294972570365,-1.96953930446424));
#1322=CARTESIAN_POINT('Ctrl Pts',(1.65180829850319,2.88566611128769,-2.07931560487008));
#1323=CARTESIAN_POINT('Ctrl Pts',(3.31642177692294,0.243670204029088,-2.18909190527592));
#1324=CARTESIAN_POINT('Ctrl Pts',(2.05528906969661,-2.61383997691046,-2.29886820568176));
#1325=CARTESIAN_POINT('Ctrl Pts',(-1.01696873722861,-3.16488682342859,-2.4086445060876));
#1326=CARTESIAN_POINT('Ctrl Pts',(-3.19531623372146,-0.926918038475967,
-2.51842080649344));
#1327=CARTESIAN_POINT('Ctrl Pts',(-2.54952392104121,2.13319713037048,-2.62819710689928));
#1328=CARTESIAN_POINT('Ctrl Pts',(-0.628920442373921,2.91152097442299,-2.70138130716984));
#1329=CARTESIAN_POINT('Ctrl Pts',(0.289136031429787,2.81730203658199,-2.73797340730512));
#1330=CARTESIAN_POINT('Ctrl Pts',(2.87817943636474,0.630361873916204,-0.696008864231626));
#1331=CARTESIAN_POINT('Ctrl Pts',(3.08359149076055,-0.307532334803098,-0.732600964366906));
#1332=CARTESIAN_POINT('Ctrl Pts',(2.50503091278717,-2.38440741923785,-0.805785164637467));
#1333=CARTESIAN_POINT('Ctrl Pts',(-0.582175981886922,-3.41200875535011,
-0.915561465043305));
#1334=CARTESIAN_POINT('Ctrl Pts',(-3.15183465870651,-1.42360793363533,-1.02533776544915));
#1335=CARTESIAN_POINT('Ctrl Pts',(-2.94371145873977,1.81697193009821,-1.13511406585499));
#1336=CARTESIAN_POINT('Ctrl Pts',(-0.138335638871485,3.45680195387397,-1.24489036626083));
#1337=CARTESIAN_POINT('Ctrl Pts',(2.78851285893531,2.04697790952844,-1.35466666666667));
#1338=CARTESIAN_POINT('Ctrl Pts',(3.25629536941816,-1.16771995352545,-1.46444296707251));
#1339=CARTESIAN_POINT('Ctrl Pts',(0.852007269454599,-3.35279285553992,-1.57421926747835));
#1340=CARTESIAN_POINT('Ctrl Pts',(-2.30360982623037,-2.58069799901615,-1.68399556788419));
#1341=CARTESIAN_POINT('Ctrl Pts',(-3.42764044595501,0.467351358847183,-1.79377186829003));
#1342=CARTESIAN_POINT('Ctrl Pts',(-1.52850375467034,3.10333783122533,-1.90354816869587));
#1343=CARTESIAN_POINT('Ctrl Pts',(1.71847320741139,3.00212797228136,-2.01332446910171));
#1344=CARTESIAN_POINT('Ctrl Pts',(3.45026839572252,0.253504427510085,-2.12310076950755));
#1345=CARTESIAN_POINT('Ctrl Pts',(2.13823795591754,-2.71933127642703,-2.23287706991338));
#1346=CARTESIAN_POINT('Ctrl Pts',(-1.05801231855174,-3.29261768177324,-2.34265337031923));
#1347=CARTESIAN_POINT('Ctrl Pts',(-3.3242751848582,-0.964327286665581,-2.45242967072507));
#1348=CARTESIAN_POINT('Ctrl Pts',(-2.65241950529847,2.21929028809843,-2.56220597113091));
#1349=CARTESIAN_POINT('Ctrl Pts',(-0.65430288175224,3.02902630522929,-2.63539017140147));
#1350=CARTESIAN_POINT('Ctrl Pts',(0.300805198617536,2.93100480935884,-2.67198227153675));
#1351=CARTESIAN_POINT('Ctrl Pts',(2.98983294898234,0.654815567300884,-0.630017728463252));
#1352=CARTESIAN_POINT('Ctrl Pts',(3.20321357445385,-0.319462468480808,-0.666609828598532));
#1353=CARTESIAN_POINT('Ctrl Pts',(2.60220883612805,-2.47690598291518,-0.739794028869092));
#1354=CARTESIAN_POINT('Ctrl Pts',(-0.604760394977365,-3.54437116396283,
-0.849570329274932));
#1355=CARTESIAN_POINT('Ctrl Pts',(-3.27410410667357,-1.47883410347463,-0.959346629680773));
#1356=CARTESIAN_POINT('Ctrl Pts',(-3.05790716188054,1.88745791014513,-1.06912293008661));
#1357=CARTESIAN_POINT('Ctrl Pts',(-0.143702107620808,3.59090202967081,-1.17889923049245));
#1358=CARTESIAN_POINT('Ctrl Pts',(2.89668792673883,2.12638653532912,-1.28867553089829));
#1359=CARTESIAN_POINT('Ctrl Pts',(3.38261717254214,-1.21301943448118,-1.39845183130413));
#1360=CARTESIAN_POINT('Ctrl Pts',(0.885059275597234,-3.48285809562552,-1.50822813170997));
#1361=CARTESIAN_POINT('Ctrl Pts',(-2.39297400052379,-2.68081128346075,-1.61800443211581));
#1362=CARTESIAN_POINT('Ctrl Pts',(-3.56060925635844,0.485481368457637,-1.72778073252165));
#1363=CARTESIAN_POINT('Ctrl Pts',(-1.58779915894634,3.223725936747,-1.83755703292749));
#1364=CARTESIAN_POINT('Ctrl Pts',(1.78513811631959,3.11858983327504,-1.94733333333333));
#1365=CARTESIAN_POINT('Ctrl Pts',(3.5841150145221,0.263338650991076,-2.05710963373917));
#1366=CARTESIAN_POINT('Ctrl Pts',(2.22118684213849,-2.82482257594359,-2.16688593414501));
#1367=CARTESIAN_POINT('Ctrl Pts',(-1.09905589987487,-3.4203485401179,-2.27666223455086));
#1368=CARTESIAN_POINT('Ctrl Pts',(-3.45323413599494,-1.00173653485519,-2.38643853495669));
#1369=CARTESIAN_POINT('Ctrl Pts',(-2.75531508955574,2.30538344582639,-2.49621483536254));
#1370=CARTESIAN_POINT('Ctrl Pts',(-0.679685321130559,3.1465316360356,-2.56939903563309));
#1371=CARTESIAN_POINT('Ctrl Pts',(0.312474365805285,3.04470758213569,-2.60599113576837));
#1372=CARTESIAN_POINT('Ctrl Pts',(3.10148646159993,0.679269260685564,-0.564026592694878));
#1373=CARTESIAN_POINT('Ctrl Pts',(3.32283565814714,-0.331392602158513,-0.600618692830158));
#1374=CARTESIAN_POINT('Ctrl Pts',(2.69938675946893,-2.56940454659251,-0.673802893100718));
#1375=CARTESIAN_POINT('Ctrl Pts',(-0.627344808067803,-3.67673357257555,
-0.783579193506557));
#1376=CARTESIAN_POINT('Ctrl Pts',(-3.39637355464064,-1.53406027331393,-0.893355493912398));
#1377=CARTESIAN_POINT('Ctrl Pts',(-3.1721028650213,1.95794389019204,-1.00313179431824));
#1378=CARTESIAN_POINT('Ctrl Pts',(-0.149068576370135,3.72500210546764,-1.11290809472408));
#1379=CARTESIAN_POINT('Ctrl Pts',(3.00486299454236,2.20579516112979,-1.22268439512992));
#1380=CARTESIAN_POINT('Ctrl Pts',(3.50893897566612,-1.25831891543691,-1.33246069553576));
#1381=CARTESIAN_POINT('Ctrl Pts',(0.918111281739869,-3.61292333571112,-1.4422369959416));
#1382=CARTESIAN_POINT('Ctrl Pts',(-2.48233817481721,-2.78092456790534,-1.55201329634744));
#1383=CARTESIAN_POINT('Ctrl Pts',(-3.69357806676187,0.503611378068088,-1.66178959675328));
#1384=CARTESIAN_POINT('Ctrl Pts',(-1.64709456322234,3.34411404226867,-1.77156589715912));
#1385=CARTESIAN_POINT('Ctrl Pts',(1.85180302522779,3.23505169426871,-1.88134219756496));
#1386=CARTESIAN_POINT('Ctrl Pts',(3.71796163332169,0.273172874472073,-1.9911184979708));
#1387=CARTESIAN_POINT('Ctrl Pts',(2.30413572835942,-2.93031387546016,-2.10089479837664));
#1388=CARTESIAN_POINT('Ctrl Pts',(-1.14009948119799,-3.54807939846255,-2.21067109878248));
#1389=CARTESIAN_POINT('Ctrl Pts',(-3.58219308713168,-1.03914578304481,-2.32044739918832));
#1390=CARTESIAN_POINT('Ctrl Pts',(-2.85821067381301,2.39147660355435,-2.43022369959416));
#1391=CARTESIAN_POINT('Ctrl Pts',(-0.705067760508879,3.26403696684191,-2.50340789986472));
#1392=CARTESIAN_POINT('Ctrl Pts',(0.324143532993034,3.15841035491255,-2.54));
#1393=CARTESIAN_POINT('Origin',(0.,0.,-49.));
#1394=CARTESIAN_POINT('',(8.25,-1.01033360929657E-15,-50.));
#1395=CARTESIAN_POINT('Origin',(0.,0.,-50.));
#1396=CARTESIAN_POINT('',(9.25,-1.1327982892113E-15,-49.));
#1397=CARTESIAN_POINT('Origin',(8.25,-1.01033360929657E-15,-49.));
#1398=CARTESIAN_POINT('',(-9.25,1.1327982892113E-15,-49.));
#1399=CARTESIAN_POINT('Origin',(0.,0.,-49.));
#1400=CARTESIAN_POINT('Origin',(0.,0.,-49.));
#1401=CARTESIAN_POINT('Origin',(0.,0.,-0.2));
#1402=CARTESIAN_POINT('',(-9.25,-1.1327982892113E-15,-1.2));
#1403=CARTESIAN_POINT('',(-9.25,1.1327982892113E-15,-0.2));
#1404=CARTESIAN_POINT('Origin',(0.,0.,-1.2));
#1405=CARTESIAN_POINT('Origin',(0.,0.,-50.));
#1406=CARTESIAN_POINT('Origin',(0.,0.,-1.2));
#1407=CARTESIAN_POINT('',(-8.25,1.01033360929657E-15,-0.2));
#1408=CARTESIAN_POINT('Origin',(0.,0.,-0.2));
#1409=CARTESIAN_POINT('Origin',(-8.25,-1.01033360929657E-15,-1.2));
#1410=CARTESIAN_POINT('Origin',(0.,0.,-0.2));
#1411=CARTESIAN_POINT('Origin',(0.,0.,-1.0795));
#1412=CARTESIAN_POINT('',(0.4699,5.75461530919341E-17,-1.27));
#1413=CARTESIAN_POINT('Origin',(0.,0.,-1.27));
#1414=CARTESIAN_POINT('',(0.1905,-2.33295215237571E-17,-0.889));
#1415=CARTESIAN_POINT('',(0.3302,-4.04378373078456E-17,-1.0795));
#1416=CARTESIAN_POINT('Origin',(0.,0.,-0.889));
#1417=CARTESIAN_POINT('Origin',(0.,0.,-5.1435));
#1418=CARTESIAN_POINT('',(0.4699,-5.75461530919341E-17,-3.429));
#1419=CARTESIAN_POINT('',(0.4699,5.75461530919341E-17,-5.1435));
#1420=CARTESIAN_POINT('Origin',(0.,0.,-3.429));
#1421=CARTESIAN_POINT('Origin',(0.,0.,-0.889));
#1422=CARTESIAN_POINT('Origin',(0.,0.,-5.1435));
#1423=CARTESIAN_POINT('',(0.5969,-7.30991674411055E-17,-3.329));
#1424=CARTESIAN_POINT('Origin',(0.,0.,-3.329));
#1425=CARTESIAN_POINT('',(0.5969,7.30991674411055E-17,-3.429));
#1426=CARTESIAN_POINT('',(0.5969,7.30991674411055E-17,-5.1435));
#1427=CARTESIAN_POINT('Origin',(0.,0.,-3.429));
#1428=CARTESIAN_POINT('Origin',(0.,0.,-5.1435));
#1429=CARTESIAN_POINT('',(2.14376,2.62534882214013E-16,-3.329));
#1430=CARTESIAN_POINT('Origin',(0.,0.,-3.329));
#1431=CARTESIAN_POINT('',(2.14376,-2.62534882214013E-16,-3.429));
#1432=CARTESIAN_POINT('',(2.14376,2.62534882214013E-16,-5.1435));
#1433=CARTESIAN_POINT('Origin',(0.,0.,-3.429));
#1434=CARTESIAN_POINT('Origin',(0.,0.,-3.329));
#1435=CARTESIAN_POINT('Origin',(0.,0.,-3.429));
#1436=CARTESIAN_POINT('Origin',(0.,0.,-5.1435));
#1437=CARTESIAN_POINT('',(2.29616,2.81198499433019E-16,-3.429));
#1438=CARTESIAN_POINT('Origin',(0.,0.,-3.429));
#1439=CARTESIAN_POINT('',(2.29616,-2.81198499433019E-16,-5.1435));
#1440=CARTESIAN_POINT('',(2.29616,2.81198499433019E-16,-5.1435));
#1441=CARTESIAN_POINT('Origin',(0.,0.,-5.1435));
#1442=CARTESIAN_POINT('Origin',(0.,0.,-3.429));
#1443=CARTESIAN_POINT('Origin',(0.,0.,-5.1435));
#1444=UNCERTAINTY_MEASURE_WITH_UNIT(LENGTH_MEASURE(0.01),#1448,
'DISTANCE_ACCURACY_VALUE',
'Maximum model space distance between geometric entities at asserted c
onnectivities');
#1445=UNCERTAINTY_MEASURE_WITH_UNIT(LENGTH_MEASURE(0.01),#1448,
'DISTANCE_ACCURACY_VALUE',
'Maximum model space distance between geometric entities at asserted c
onnectivities');
#1446=(
GEOMETRIC_REPRESENTATION_CONTEXT(3)
GLOBAL_UNCERTAINTY_ASSIGNED_CONTEXT((#1444))
GLOBAL_UNIT_ASSIGNED_CONTEXT((#1448,#1450,#1451))
REPRESENTATION_CONTEXT('','3D')
);
#1447=(
GEOMETRIC_REPRESENTATION_CONTEXT(3)
GLOBAL_UNCERTAINTY_ASSIGNED_CONTEXT((#1445))
GLOBAL_UNIT_ASSIGNED_CONTEXT((#1448,#1450,#1451))
REPRESENTATION_CONTEXT('','3D')
);
#1448=(
LENGTH_UNIT()
NAMED_UNIT(*)
SI_UNIT(.MILLI.,.METRE.)
);
#1449=(
LENGTH_UNIT()
NAMED_UNIT(*)
SI_UNIT($,.METRE.)
);
#1450=(
NAMED_UNIT(*)
PLANE_ANGLE_UNIT()
SI_UNIT($,.RADIAN.)
);
#1451=(
NAMED_UNIT(*)
SI_UNIT($,.STERADIAN.)
SOLID_ANGLE_UNIT()
);
#1452=SHAPE_DEFINITION_REPRESENTATION(#1453,#1454);
#1453=PRODUCT_DEFINITION_SHAPE('',$,#1456);
#1454=SHAPE_REPRESENTATION('',(#476),#1446);
#1455=PRODUCT_DEFINITION_CONTEXT('part definition',#1460,'design');
#1456=PRODUCT_DEFINITION('Beitan BT-104L5','Beitan BT-104L5 v1',#1457,#1455);
#1457=PRODUCT_DEFINITION_FORMATION('',$,#1462);
#1458=PRODUCT_RELATED_PRODUCT_CATEGORY('Beitan BT-104L5 v1',
'Beitan BT-104L5 v1',(#1462));
#1459=APPLICATION_PROTOCOL_DEFINITION('international standard',
'automotive_design',2009,#1460);
#1460=APPLICATION_CONTEXT(
'Core Data for Automotive Mechanical Design Process');
#1461=PRODUCT_CONTEXT('part definition',#1460,'mechanical');
#1462=PRODUCT('Beitan BT-104L5','Beitan BT-104L5 v1',$,(#1461));
#1463=PRESENTATION_STYLE_ASSIGNMENT((#1468));
#1464=PRESENTATION_STYLE_ASSIGNMENT((#1469));
#1465=PRESENTATION_STYLE_ASSIGNMENT((#1470));
#1466=PRESENTATION_STYLE_ASSIGNMENT((#1471));
#1467=PRESENTATION_STYLE_ASSIGNMENT((#1472));
#1468=SURFACE_STYLE_USAGE(.BOTH.,#1473);
#1469=SURFACE_STYLE_USAGE(.BOTH.,#1474);
#1470=SURFACE_STYLE_USAGE(.BOTH.,#1475);
#1471=SURFACE_STYLE_USAGE(.BOTH.,#1476);
#1472=SURFACE_STYLE_USAGE(.BOTH.,#1477);
#1473=SURFACE_SIDE_STYLE('',(#1478));
#1474=SURFACE_SIDE_STYLE('',(#1479));
#1475=SURFACE_SIDE_STYLE('',(#1480));
#1476=SURFACE_SIDE_STYLE('',(#1481));
#1477=SURFACE_SIDE_STYLE('',(#1482));
#1478=SURFACE_STYLE_FILL_AREA(#1483);
#1479=SURFACE_STYLE_FILL_AREA(#1484);
#1480=SURFACE_STYLE_FILL_AREA(#1485);
#1481=SURFACE_STYLE_FILL_AREA(#1486);
#1482=SURFACE_STYLE_FILL_AREA(#1487);
#1483=FILL_AREA_STYLE('Steel - Satin',(#1488));
#1484=FILL_AREA_STYLE('Gold - Polished',(#1489));
#1485=FILL_AREA_STYLE('Plastic - Matte (Black)',(#1490));
#1486=FILL_AREA_STYLE('ABS (White)',(#1491));
#1487=FILL_AREA_STYLE('Rubber - Hard',(#1492));
#1488=FILL_AREA_STYLE_COLOUR('Steel - Satin',#1493);
#1489=FILL_AREA_STYLE_COLOUR('Gold - Polished',#1494);
#1490=FILL_AREA_STYLE_COLOUR('Plastic - Matte (Black)',#1495);
#1491=FILL_AREA_STYLE_COLOUR('ABS (White)',#1496);
#1492=FILL_AREA_STYLE_COLOUR('Rubber - Hard',#1497);
#1493=COLOUR_RGB('Steel - Satin',0.627450980392157,0.627450980392157,0.627450980392157);
#1494=COLOUR_RGB('Gold - Polished',0.956862745098039,0.898039215686275,
0.654901960784314);
#1495=COLOUR_RGB('Plastic - Matte (Black)',0.0980392156862745,0.0980392156862745,
0.0980392156862745);
#1496=COLOUR_RGB('ABS (White)',0.964705882352941,0.964705882352941,0.952941176470588);
#1497=COLOUR_RGB('Rubber - Hard',0.152941176470588,0.152941176470588,0.152941176470588);
ENDSEC;
END-ISO-10303-21;
